SSID, BSS, RSSI, Channel, Time
"EX02_Test", "6C:5A:B0:80:FF:58", "-86", "10", "4:10:03 PM"
"EX02_Test", "6C:5A:B0:80:FF:58", "-86", "10", "4:10:05 PM"
"EX02_Test", "6C:5A:B0:80:FF:58", "-86", "10", "4:10:08 PM"
"EX02_Test", "6C:5A:B0:80:FF:58", "-86", "10", "4:10:11 PM"
"EX02_Test", "6C:5A:B0:80:FF:58", "-86", "10", "4:10:14 PM"
"EX02_Test", "6C:5A:B0:80:FF:58", "-86", "10", "4:10:16 PM"
"EX02_Test", "6C:5A:B0:80:FF:58", "-86", "10", "4:10:18 PM"
"EX02_Test", "6C:5A:B0:80:FF:58", "-86", "10", "4:10:21 PM"
"EX02_Test", "6C:5A:B0:80:FF:58", "-86", "10", "4:10:23 PM"
"EX02_Test", "6C:5A:B0:80:FF:58", "-86", "10", "4:10:26 PM"
"EX02_Test", "6C:5A:B0:80:FF:58", "-86", "10", "4:10:28 PM"
"EX02_Test", "6C:5A:B0:80:FF:58", "-86", "10", "4:10:31 PM"
"EX02_Test", "6C:5A:B0:80:FF:58", "-92", "10", "4:10:33 PM"
"EX02_Test", "6C:5A:B0:80:FF:58", "-92", "10", "4:10:36 PM"
"EX02_Test", "6C:5A:B0:80:FF:58", "-93", "10", "4:10:38 PM"
"EX02_Test", "6C:5A:B0:80:FF:58", "-93", "10", "4:10:41 PM"
"EX02_Test", "6C:5A:B0:80:FF:58", "-93", "10", "4:10:43 PM"
"EX02_Test", "6C:5A:B0:80:FF:58", "-93", "10", "4:10:46 PM"
"EX02_Test", "6C:5A:B0:80:FF:58", "-93", "10", "4:10:48 PM"
"EX02_Test", "6C:5A:B0:80:FF:58", "-93", "10", "4:10:51 PM"
"EX02_Test", "6C:5A:B0:80:FF:58", "-93", "10", "4:10:53 PM"
"", "AE:AE:19:5E:9E:B5", "-88", "1", "4:10:21 PM"
"", "AE:AE:19:5E:9E:B5", "-88", "1", "4:10:23 PM"
"", "AE:AE:19:5E:9E:B5", "-88", "1", "4:10:26 PM"
"", "AE:AE:19:5E:9E:B5", "-84", "1", "4:10:28 PM"
"", "AE:AE:19:5E:9E:B5", "-86", "1", "4:10:31 PM"
"", "AE:AE:19:5E:9E:B5", "-86", "1", "4:10:33 PM"
"", "AE:AE:19:5E:9E:B5", "-86", "1", "4:10:36 PM"
"", "AE:AE:19:5E:9E:B5", "-86", "1", "4:10:38 PM"
"", "AE:AE:19:5E:9E:B5", "-86", "1", "4:10:41 PM"
"", "AE:AE:19:5E:9E:B5", "-86", "1", "4:10:43 PM"
"", "AE:AE:19:5E:9E:B5", "-86", "1", "4:10:46 PM"
"", "AE:AE:19:5E:9E:B5", "-86", "1", "4:10:48 PM"
"", "AE:AE:19:5E:9E:B5", "-86", "1", "4:10:51 PM"
"", "AE:AE:19:5E:9E:B5", "-86", "1", "4:10:53 PM"
"Spectrum", "EC:58:EA:62:CE:98", "-74", "1", "4:09:58 PM"
"Spectrum", "EC:58:EA:62:CE:98", "-74", "1", "4:10:00 PM"
"Spectrum", "EC:58:EA:62:CE:98", "-75", "1", "4:10:03 PM"
"Spectrum", "EC:58:EA:62:CE:98", "-75", "1", "4:10:05 PM"
"Spectrum", "EC:58:EA:62:CE:98", "-75", "1", "4:10:08 PM"
"Spectrum", "EC:58:EA:62:CE:98", "-73", "1", "4:10:11 PM"
"Spectrum", "EC:58:EA:62:CE:98", "-75", "1", "4:10:14 PM"
"Spectrum", "EC:58:EA:62:CE:98", "-75", "1", "4:10:16 PM"
"Spectrum", "EC:58:EA:62:CE:98", "-75", "1", "4:10:18 PM"
"Spectrum", "EC:58:EA:62:CE:98", "-73", "1", "4:10:21 PM"
"Spectrum", "EC:58:EA:62:CE:98", "-73", "1", "4:10:23 PM"
"Spectrum", "EC:58:EA:62:CE:98", "-71", "1", "4:10:26 PM"
"Spectrum", "EC:58:EA:62:CE:98", "-75", "1", "4:10:28 PM"
"Spectrum", "EC:58:EA:62:CE:98", "-76", "1", "4:10:31 PM"
"Spectrum", "EC:58:EA:62:CE:98", "-76", "1", "4:10:33 PM"
"Spectrum", "EC:58:EA:62:CE:98", "-75", "1", "4:10:36 PM"
"Spectrum", "EC:58:EA:62:CE:98", "-75", "1", "4:10:38 PM"
"Spectrum", "EC:58:EA:62:CE:98", "-75", "1", "4:10:41 PM"
"Spectrum", "EC:58:EA:62:CE:98", "-75", "1", "4:10:43 PM"
"Spectrum", "EC:58:EA:62:CE:98", "-78", "1", "4:10:46 PM"
"Spectrum", "EC:58:EA:62:CE:98", "-78", "1", "4:10:48 PM"
"Spectrum", "EC:58:EA:62:CE:98", "-79", "1", "4:10:51 PM"
"Spectrum", "EC:58:EA:62:CE:98", "-80", "1", "4:10:53 PM"
"Amzn_wap4", "06:30:44:50:59:77", "-90", "1", "4:09:58 PM"
"Amzn_wap4", "06:30:44:50:59:77", "-87", "1", "4:10:00 PM"
"Amzn_wap4", "06:30:44:50:59:77", "-87", "1", "4:10:03 PM"
"Amzn_wap4", "06:30:44:50:59:77", "-87", "1", "4:10:05 PM"
"Amzn_wap4", "06:30:44:50:59:77", "-87", "1", "4:10:08 PM"
"Amzn_wap4", "06:30:44:50:59:77", "-87", "1", "4:10:11 PM"
"Amzn_wap4", "06:30:44:50:59:77", "-85", "1", "4:10:14 PM"
"Amzn_wap4", "06:30:44:50:59:77", "-85", "1", "4:10:16 PM"
"Amzn_wap4", "06:30:44:50:59:77", "-85", "1", "4:10:18 PM"
"Amzn_wap4", "06:30:44:50:59:77", "-86", "1", "4:10:21 PM"
"Amzn_wap4", "06:30:44:50:59:77", "-84", "1", "4:10:23 PM"
"Amzn_wap4", "06:30:44:50:59:77", "-88", "1", "4:10:26 PM"
"Amzn_wap4", "06:30:44:50:59:77", "-88", "1", "4:10:28 PM"
"Amzn_wap4", "06:30:44:50:59:77", "-88", "1", "4:10:31 PM"
"Amzn_wap4", "06:30:44:50:59:77", "-88", "1", "4:10:33 PM"
"Amzn_wap4", "06:30:44:50:59:77", "-88", "1", "4:10:36 PM"
"Amzn_wap4", "06:30:44:50:59:77", "-87", "1", "4:10:38 PM"
"Amzn_wap4", "06:30:44:50:59:77", "-87", "1", "4:10:41 PM"
"Amzn_wap4", "06:30:44:50:59:77", "-87", "1", "4:10:43 PM"
"Amzn_wap4", "06:30:44:50:59:77", "-87", "1", "4:10:46 PM"
"Amzn_wap4", "06:30:44:50:59:77", "-87", "1", "4:10:48 PM"
"Amzn_wap4", "06:30:44:50:59:77", "-91", "1", "4:10:51 PM"
"Amzn_wap4", "06:30:44:50:59:77", "-91", "1", "4:10:53 PM"
"modjoul1", "24:5A:4C:6D:AA:D7", "-66", "165", "4:09:56 PM"
"modjoul1", "24:5A:4C:6D:AA:D7", "-64", "165", "4:09:58 PM"
"modjoul1", "24:5A:4C:6D:AA:D7", "-63", "165", "4:10:00 PM"
"modjoul1", "24:5A:4C:6D:AA:D7", "-66", "165", "4:10:03 PM"
"modjoul1", "24:5A:4C:6D:AA:D7", "-69", "165", "4:10:05 PM"
"modjoul1", "24:5A:4C:6D:AA:D7", "-68", "165", "4:10:08 PM"
"modjoul1", "24:5A:4C:6D:AA:D7", "-67", "165", "4:10:11 PM"
"modjoul1", "24:5A:4C:6D:AA:D7", "-68", "165", "4:10:14 PM"
"modjoul1", "24:5A:4C:6D:AA:D7", "-67", "165", "4:10:16 PM"
"modjoul1", "24:5A:4C:6D:AA:D7", "-67", "165", "4:10:18 PM"
"modjoul1", "24:5A:4C:6D:AA:D7", "-69", "165", "4:10:21 PM"
"modjoul1", "24:5A:4C:6D:AA:D7", "-71", "165", "4:10:23 PM"
"modjoul1", "24:5A:4C:6D:AA:D7", "-64", "165", "4:10:26 PM"
"modjoul1", "24:5A:4C:6D:AA:D7", "-67", "165", "4:10:28 PM"
"modjoul1", "24:5A:4C:6D:AA:D7", "-70", "165", "4:10:31 PM"
"modjoul1", "24:5A:4C:6D:AA:D7", "-69", "165", "4:10:33 PM"
"modjoul1", "24:5A:4C:6D:AA:D7", "-71", "165", "4:10:36 PM"
"modjoul1", "24:5A:4C:6D:AA:D7", "-67", "165", "4:10:38 PM"
"modjoul1", "24:5A:4C:6D:AA:D7", "-69", "165", "4:10:41 PM"
"modjoul1", "24:5A:4C:6D:AA:D7", "-66", "165", "4:10:43 PM"
"modjoul1", "24:5A:4C:6D:AA:D7", "-66", "165", "4:10:46 PM"
"modjoul1", "24:5A:4C:6D:AA:D7", "-66", "165", "4:10:48 PM"
"modjoul1", "24:5A:4C:6D:AA:D7", "-67", "165", "4:10:51 PM"
"modjoul1", "24:5A:4C:6D:AA:D7", "-67", "165", "4:10:53 PM"
"Spectrum", "EC:58:EA:62:CE:9C", "-83", "153", "4:09:56 PM"
"Spectrum", "EC:58:EA:62:CE:9C", "-85", "153", "4:09:58 PM"
"Spectrum", "EC:58:EA:62:CE:9C", "-82", "153", "4:10:00 PM"
"Spectrum", "EC:58:EA:62:CE:9C", "-80", "153", "4:10:03 PM"
"Spectrum", "EC:58:EA:62:CE:9C", "-80", "153", "4:10:05 PM"
"Spectrum", "EC:58:EA:62:CE:9C", "-83", "153", "4:10:08 PM"
"Spectrum", "EC:58:EA:62:CE:9C", "-83", "153", "4:10:11 PM"
"Spectrum", "EC:58:EA:62:CE:9C", "-83", "153", "4:10:14 PM"
"Spectrum", "EC:58:EA:62:CE:9C", "-83", "153", "4:10:16 PM"
"Spectrum", "EC:58:EA:62:CE:9C", "-81", "153", "4:10:18 PM"
"Spectrum", "EC:58:EA:62:CE:9C", "-81", "153", "4:10:21 PM"
"Spectrum", "EC:58:EA:62:CE:9C", "-81", "153", "4:10:23 PM"
"Spectrum", "EC:58:EA:62:CE:9C", "-80", "153", "4:10:26 PM"
"Spectrum", "EC:58:EA:62:CE:9C", "-79", "153", "4:10:28 PM"
"Spectrum", "EC:58:EA:62:CE:9C", "-82", "153", "4:10:31 PM"
"Spectrum", "EC:58:EA:62:CE:9C", "-82", "153", "4:10:33 PM"
"Spectrum", "EC:58:EA:62:CE:9C", "-81", "153", "4:10:36 PM"
"Spectrum", "EC:58:EA:62:CE:9C", "-81", "153", "4:10:38 PM"
"Spectrum", "EC:58:EA:62:CE:9C", "-84", "153", "4:10:41 PM"
"Spectrum", "EC:58:EA:62:CE:9C", "-79", "153", "4:10:43 PM"
"Spectrum", "EC:58:EA:62:CE:9C", "-79", "153", "4:10:46 PM"
"Spectrum", "EC:58:EA:62:CE:9C", "-77", "153", "4:10:48 PM"
"Spectrum", "EC:58:EA:62:CE:9C", "-77", "153", "4:10:51 PM"
"Spectrum", "EC:58:EA:62:CE:9C", "-80", "153", "4:10:53 PM"
"E3000-974", "00:30:44:50:59:77", "-88", "1", "4:10:03 PM"
"E3000-974", "00:30:44:50:59:77", "-88", "1", "4:10:05 PM"
"E3000-974", "00:30:44:50:59:77", "-88", "1", "4:10:08 PM"
"E3000-974", "00:30:44:50:59:77", "-88", "1", "4:10:11 PM"
"E3000-974", "00:30:44:50:59:77", "-88", "1", "4:10:14 PM"
"E3000-974", "00:30:44:50:59:77", "-88", "1", "4:10:16 PM"
"E3000-974", "00:30:44:50:59:77", "-86", "1", "4:10:18 PM"
"E3000-974", "00:30:44:50:59:77", "-86", "1", "4:10:21 PM"
"E3000-974", "00:30:44:50:59:77", "-83", "1", "4:10:23 PM"
"E3000-974", "00:30:44:50:59:77", "-90", "1", "4:10:26 PM"
"E3000-974", "00:30:44:50:59:77", "-90", "1", "4:10:28 PM"
"E3000-974", "00:30:44:50:59:77", "-90", "1", "4:10:31 PM"
"E3000-974", "00:30:44:50:59:77", "-86", "1", "4:10:33 PM"
"E3000-974", "00:30:44:50:59:77", "-86", "1", "4:10:36 PM"
"E3000-974", "00:30:44:50:59:77", "-86", "1", "4:10:38 PM"
"E3000-974", "00:30:44:50:59:77", "-86", "1", "4:10:41 PM"
"E3000-974", "00:30:44:50:59:77", "-86", "1", "4:10:43 PM"
"E3000-974", "00:30:44:50:59:77", "-86", "1", "4:10:46 PM"
"E3000-974", "00:30:44:50:59:77", "-86", "1", "4:10:48 PM"
"E3000-974", "00:30:44:50:59:77", "-89", "1", "4:10:51 PM"
"E3000-974", "00:30:44:50:59:77", "-89", "1", "4:10:53 PM"
"modjoul", "00:40:FF:10:19:39", "-78", "10", "4:09:56 PM"
"modjoul", "00:40:FF:10:19:39", "-78", "10", "4:09:58 PM"
"modjoul", "00:40:FF:10:19:39", "-78", "10", "4:10:00 PM"
"modjoul", "00:40:FF:10:19:39", "-78", "10", "4:10:03 PM"
"modjoul", "00:40:FF:10:19:39", "-78", "10", "4:10:05 PM"
"modjoul", "00:40:FF:10:19:39", "-82", "10", "4:10:08 PM"
"modjoul", "00:40:FF:10:19:39", "-81", "10", "4:10:11 PM"
"modjoul", "00:40:FF:10:19:39", "-81", "10", "4:10:14 PM"
"modjoul", "00:40:FF:10:19:39", "-83", "10", "4:10:16 PM"
"modjoul", "00:40:FF:10:19:39", "-83", "10", "4:10:18 PM"
"modjoul", "00:40:FF:10:19:39", "-83", "10", "4:10:21 PM"
"modjoul", "00:40:FF:10:19:39", "-83", "10", "4:10:23 PM"
"modjoul", "00:40:FF:10:19:39", "-83", "10", "4:10:26 PM"
"modjoul", "00:40:FF:10:19:39", "-83", "10", "4:10:28 PM"
"modjoul", "00:40:FF:10:19:39", "-83", "10", "4:10:31 PM"
"modjoul", "00:40:FF:10:19:39", "-84", "10", "4:10:33 PM"
"modjoul", "00:40:FF:10:19:39", "-89", "10", "4:10:36 PM"
"modjoul", "00:40:FF:10:19:39", "-87", "10", "4:10:38 PM"
"modjoul", "00:40:FF:10:19:39", "-87", "10", "4:10:41 PM"
"modjoul", "00:40:FF:10:19:39", "-87", "10", "4:10:43 PM"
"modjoul", "00:40:FF:10:19:39", "-87", "10", "4:10:46 PM"
"modjoul", "00:40:FF:10:19:39", "-87", "10", "4:10:48 PM"
"modjoul", "00:40:FF:10:19:39", "-83", "10", "4:10:51 PM"
"modjoul", "00:40:FF:10:19:39", "-83", "10", "4:10:53 PM"
"modjoul", "24:5A:4C:6D:AA:8B", "-88", "44", "4:09:56 PM"
"modjoul", "24:5A:4C:6D:AA:8B", "-87", "44", "4:09:58 PM"
"modjoul", "24:5A:4C:6D:AA:8B", "-87", "44", "4:10:00 PM"
"modjoul", "24:5A:4C:6D:AA:8B", "-89", "44", "4:10:03 PM"
"modjoul", "24:5A:4C:6D:AA:8B", "-87", "44", "4:10:05 PM"
"modjoul", "24:5A:4C:6D:AA:8B", "-87", "44", "4:10:08 PM"
"modjoul", "24:5A:4C:6D:AA:8B", "-87", "44", "4:10:11 PM"
"modjoul", "24:5A:4C:6D:AA:8B", "-87", "44", "4:10:14 PM"
"modjoul", "24:5A:4C:6D:AA:8B", "-87", "44", "4:10:16 PM"
"modjoul", "24:5A:4C:6D:AA:8B", "-90", "44", "4:10:18 PM"
"modjoul", "24:5A:4C:6D:AA:8B", "-90", "44", "4:10:21 PM"
"modjoul", "24:5A:4C:6D:AA:8B", "-91", "44", "4:10:23 PM"
"modjoul", "24:5A:4C:6D:AA:8B", "-91", "44", "4:10:26 PM"
"modjoul", "24:5A:4C:6D:AA:8B", "-88", "44", "4:10:28 PM"
"modjoul", "24:5A:4C:6D:AA:8B", "-88", "44", "4:10:31 PM"
"modjoul", "24:5A:4C:6D:AA:8B", "-92", "44", "4:10:33 PM"
"modjoul", "24:5A:4C:6D:AA:8B", "-89", "44", "4:10:36 PM"
"modjoul", "24:5A:4C:6D:AA:8B", "-89", "44", "4:10:38 PM"
"modjoul", "24:5A:4C:6D:AA:8B", "-90", "44", "4:10:41 PM"
"modjoul", "24:5A:4C:6D:AA:8B", "-89", "44", "4:10:43 PM"
"modjoul", "24:5A:4C:6D:AA:8B", "-89", "44", "4:10:46 PM"
"modjoul", "24:5A:4C:6D:AA:8B", "-88", "44", "4:10:48 PM"
"modjoul", "24:5A:4C:6D:AA:8B", "-90", "44", "4:10:51 PM"
"modjoul", "24:5A:4C:6D:AA:8B", "-90", "44", "4:10:53 PM"
"amzn2", "00:30:44:70:B1:06", "-40", "6", "4:09:58 PM"
"amzn2", "00:30:44:70:B1:06", "-40", "6", "4:10:00 PM"
"amzn2", "00:30:44:70:B1:06", "-39", "6", "4:10:03 PM"
"amzn2", "00:30:44:70:B1:06", "-36", "6", "4:10:05 PM"
"amzn2", "00:30:44:70:B1:06", "-35", "6", "4:10:08 PM"
"amzn2", "00:30:44:70:B1:06", "-35", "6", "4:10:11 PM"
"amzn2", "00:30:44:70:B1:06", "-38", "6", "4:10:14 PM"
"amzn2", "00:30:44:70:B1:06", "-38", "6", "4:10:16 PM"
"amzn2", "00:30:44:70:B1:06", "-36", "6", "4:10:18 PM"
"amzn2", "00:30:44:70:B1:06", "-37", "6", "4:10:21 PM"
"amzn2", "00:30:44:70:B1:06", "-36", "6", "4:10:23 PM"
"amzn2", "00:30:44:70:B1:06", "-36", "6", "4:10:26 PM"
"amzn2", "00:30:44:70:B1:06", "-36", "6", "4:10:28 PM"
"amzn2", "00:30:44:70:B1:06", "-35", "6", "4:10:31 PM"
"amzn2", "00:30:44:70:B1:06", "-37", "6", "4:10:33 PM"
"amzn2", "00:30:44:70:B1:06", "-39", "6", "4:10:36 PM"
"amzn2", "00:30:44:70:B1:06", "-40", "6", "4:10:38 PM"
"amzn2", "00:30:44:70:B1:06", "-38", "6", "4:10:41 PM"
"amzn2", "00:30:44:70:B1:06", "-42", "6", "4:10:43 PM"
"amzn2", "00:30:44:70:B1:06", "-43", "6", "4:10:46 PM"
"amzn2", "00:30:44:70:B1:06", "-34", "6", "4:10:48 PM"
"amzn2", "00:30:44:70:B1:06", "-34", "6", "4:10:51 PM"
"amzn2", "00:30:44:70:B1:06", "-34", "6", "4:10:53 PM"
"modjoul", "24:5A:4C:6D:AA:4F", "-90", "44", "4:09:56 PM"
"modjoul", "24:5A:4C:6D:AA:4F", "-89", "44", "4:09:58 PM"
"modjoul", "24:5A:4C:6D:AA:4F", "-89", "44", "4:10:00 PM"
"modjoul", "24:5A:4C:6D:AA:4F", "-92", "44", "4:10:03 PM"
"modjoul", "24:5A:4C:6D:AA:4F", "-87", "44", "4:10:05 PM"
"modjoul", "24:5A:4C:6D:AA:4F", "-87", "44", "4:10:08 PM"
"modjoul", "24:5A:4C:6D:AA:4F", "-87", "44", "4:10:11 PM"
"modjoul", "24:5A:4C:6D:AA:4F", "-87", "44", "4:10:14 PM"
"modjoul", "24:5A:4C:6D:AA:4F", "-87", "44", "4:10:16 PM"
"modjoul", "24:5A:4C:6D:AA:4F", "-86", "44", "4:10:18 PM"
"modjoul", "24:5A:4C:6D:AA:4F", "-86", "44", "4:10:21 PM"
"modjoul", "24:5A:4C:6D:AA:4F", "-86", "44", "4:10:23 PM"
"modjoul", "24:5A:4C:6D:AA:4F", "-90", "44", "4:10:26 PM"
"modjoul", "24:5A:4C:6D:AA:4F", "-86", "44", "4:10:28 PM"
"modjoul", "24:5A:4C:6D:AA:4F", "-86", "44", "4:10:31 PM"
"modjoul", "24:5A:4C:6D:AA:4F", "-86", "44", "4:10:33 PM"
"modjoul", "24:5A:4C:6D:AA:4F", "-91", "44", "4:10:36 PM"
"modjoul", "24:5A:4C:6D:AA:4F", "-89", "44", "4:10:38 PM"
"modjoul", "24:5A:4C:6D:AA:4F", "-88", "44", "4:10:41 PM"
"modjoul", "24:5A:4C:6D:AA:4F", "-89", "44", "4:10:43 PM"
"modjoul", "24:5A:4C:6D:AA:4F", "-90", "44", "4:10:46 PM"
"modjoul", "24:5A:4C:6D:AA:4F", "-90", "44", "4:10:48 PM"
"modjoul", "24:5A:4C:6D:AA:4F", "-90", "44", "4:10:51 PM"
"modjoul", "24:5A:4C:6D:AA:4F", "-90", "44", "4:10:53 PM"
"modjoul1", "24:5A:4C:6D:AA:D8", "-58", "6", "4:09:58 PM"
"modjoul1", "24:5A:4C:6D:AA:D8", "-60", "6", "4:10:00 PM"
"modjoul1", "24:5A:4C:6D:AA:D8", "-57", "6", "4:10:03 PM"
"modjoul1", "24:5A:4C:6D:AA:D8", "-57", "6", "4:10:05 PM"
"modjoul1", "24:5A:4C:6D:AA:D8", "-57", "6", "4:10:08 PM"
"modjoul1", "24:5A:4C:6D:AA:D8", "-62", "6", "4:10:11 PM"
"modjoul1", "24:5A:4C:6D:AA:D8", "-59", "6", "4:10:14 PM"
"modjoul1", "24:5A:4C:6D:AA:D8", "-59", "6", "4:10:16 PM"
"modjoul1", "24:5A:4C:6D:AA:D8", "-59", "6", "4:10:18 PM"
"modjoul1", "24:5A:4C:6D:AA:D8", "-58", "6", "4:10:21 PM"
"modjoul1", "24:5A:4C:6D:AA:D8", "-54", "6", "4:10:23 PM"
"modjoul1", "24:5A:4C:6D:AA:D8", "-54", "6", "4:10:26 PM"
"modjoul1", "24:5A:4C:6D:AA:D8", "-54", "6", "4:10:28 PM"
"modjoul1", "24:5A:4C:6D:AA:D8", "-54", "6", "4:10:31 PM"
"modjoul1", "24:5A:4C:6D:AA:D8", "-54", "6", "4:10:33 PM"
"modjoul1", "24:5A:4C:6D:AA:D8", "-56", "6", "4:10:36 PM"
"modjoul1", "24:5A:4C:6D:AA:D8", "-57", "6", "4:10:38 PM"
"modjoul1", "24:5A:4C:6D:AA:D8", "-60", "6", "4:10:41 PM"
"modjoul1", "24:5A:4C:6D:AA:D8", "-62", "6", "4:10:43 PM"
"modjoul1", "24:5A:4C:6D:AA:D8", "-60", "6", "4:10:46 PM"
"modjoul1", "24:5A:4C:6D:AA:D8", "-62", "6", "4:10:48 PM"
"modjoul1", "24:5A:4C:6D:AA:D8", "-62", "6", "4:10:51 PM"
"modjoul1", "24:5A:4C:6D:AA:D8", "-62", "6", "4:10:53 PM"
"rfid_test_5GHZ", "00:30:44:50:59:78", "-93", "44", "4:09:56 PM"
"rfid_test_5GHZ", "00:30:44:50:59:78", "-91", "44", "4:09:58 PM"
"rfid_test_5GHZ", "00:30:44:50:59:78", "-91", "44", "4:10:00 PM"
"rfid_test_5GHZ", "00:30:44:50:59:78", "-91", "44", "4:10:03 PM"
"rfid_test_5GHZ", "00:30:44:50:59:78", "-91", "44", "4:10:05 PM"
"rfid_test_5GHZ", "00:30:44:50:59:78", "-91", "44", "4:10:08 PM"
"rfid_test_5GHZ", "00:30:44:50:59:78", "-93", "44", "4:10:11 PM"
"rfid_test_5GHZ", "00:30:44:50:59:78", "-93", "44", "4:10:14 PM"
"rfid_test_5GHZ", "00:30:44:50:59:78", "-92", "44", "4:10:16 PM"
"rfid_test_5GHZ", "00:30:44:50:59:78", "-92", "44", "4:10:18 PM"
"rfid_test_5GHZ", "00:30:44:50:59:78", "-92", "44", "4:10:21 PM"
"rfid_test_5GHZ", "00:30:44:50:59:78", "-92", "44", "4:10:23 PM"
"rfid_test_5GHZ", "00:30:44:50:59:78", "-92", "44", "4:10:26 PM"
"rfid_test_5GHZ", "00:30:44:50:59:78", "-91", "44", "4:10:28 PM"
"rfid_test_5GHZ", "00:30:44:50:59:78", "-92", "44", "4:10:31 PM"
"rfid_test_5GHZ", "00:30:44:50:59:78", "-92", "44", "4:10:33 PM"
"rfid_test_5GHZ", "00:30:44:50:59:78", "-93", "44", "4:10:36 PM"
"rfid_test_5GHZ", "00:30:44:50:59:78", "-93", "44", "4:10:38 PM"
"rfid_test_5GHZ", "00:30:44:50:59:78", "-92", "44", "4:10:41 PM"
"rfid_test_5GHZ", "00:30:44:50:59:78", "-92", "44", "4:10:43 PM"
"rfid_test_5GHZ", "00:30:44:50:59:78", "-93", "44", "4:10:46 PM"
"rfid_test_5GHZ", "00:30:44:50:59:78", "-93", "44", "4:10:48 PM"
"rfid_test_5GHZ", "00:30:44:50:59:78", "-93", "44", "4:10:51 PM"
"rfid_test_5GHZ", "00:30:44:50:59:78", "-92", "44", "4:10:53 PM"
"modjoul", "24:5A:4C:6D:AA:8C", "-88", "11", "4:10:03 PM"
"modjoul", "24:5A:4C:6D:AA:8C", "-88", "11", "4:10:05 PM"
"modjoul", "24:5A:4C:6D:AA:8C", "-88", "11", "4:10:08 PM"
"modjoul", "24:5A:4C:6D:AA:8C", "-88", "11", "4:10:11 PM"
"modjoul", "24:5A:4C:6D:AA:8C", "-88", "11", "4:10:14 PM"
"modjoul", "24:5A:4C:6D:AA:8C", "-88", "11", "4:10:16 PM"
"modjoul", "24:5A:4C:6D:AA:8C", "-88", "11", "4:10:18 PM"
"modjoul", "24:5A:4C:6D:AA:8C", "-88", "11", "4:10:21 PM"
"modjoul", "24:5A:4C:6D:AA:8C", "-88", "11", "4:10:23 PM"
"modjoul", "24:5A:4C:6D:AA:8C", "-88", "11", "4:10:26 PM"
"modjoul", "24:5A:4C:6D:AA:8C", "-88", "11", "4:10:28 PM"
"modjoul", "24:5A:4C:6D:AA:8C", "-88", "11", "4:10:31 PM"
"modjoul", "24:5A:4C:6D:AA:8C", "-88", "11", "4:10:33 PM"
"modjoul", "24:5A:4C:6D:AA:8C", "-88", "11", "4:10:36 PM"
"modjoul", "24:5A:4C:6D:AA:8C", "-88", "11", "4:10:38 PM"
"modjoul", "24:5A:4C:6D:AA:8C", "-88", "11", "4:10:41 PM"
"modjoul", "24:5A:4C:6D:AA:8C", "-90", "11", "4:10:43 PM"
"modjoul", "24:5A:4C:6D:AA:8C", "-90", "11", "4:10:46 PM"
"modjoul", "24:5A:4C:6D:AA:8C", "-90", "11", "4:10:48 PM"
"modjoul", "24:5A:4C:6D:AA:8C", "-90", "11", "4:10:51 PM"
"modjoul", "24:5A:4C:6D:AA:8C", "-90", "11", "4:10:53 PM"
"Upstate Admin", "A8:9A:93:C3:51:66", "-86", "11", "4:09:56 PM"
"Upstate Admin", "A8:9A:93:C3:51:66", "-86", "11", "4:09:58 PM"
"Upstate Admin", "A8:9A:93:C3:51:66", "-86", "11", "4:10:00 PM"
"Upstate Admin", "A8:9A:93:C3:51:66", "-86", "11", "4:10:03 PM"
"Upstate Admin", "A8:9A:93:C3:51:66", "-86", "11", "4:10:05 PM"
"Upstate Admin", "A8:9A:93:C3:51:66", "-86", "11", "4:10:08 PM"
"Upstate Admin", "A8:9A:93:C3:51:66", "-84", "11", "4:10:11 PM"
"Upstate Admin", "A8:9A:93:C3:51:66", "-84", "11", "4:10:14 PM"
"Upstate Admin", "A8:9A:93:C3:51:66", "-84", "11", "4:10:16 PM"
"Upstate Admin", "A8:9A:93:C3:51:66", "-84", "11", "4:10:18 PM"
"Upstate Admin", "A8:9A:93:C3:51:66", "-84", "11", "4:10:21 PM"
"Upstate Admin", "A8:9A:93:C3:51:66", "-84", "11", "4:10:23 PM"
"Upstate Admin", "A8:9A:93:C3:51:66", "-83", "11", "4:10:26 PM"
"Upstate Admin", "A8:9A:93:C3:51:66", "-83", "11", "4:10:28 PM"
"Upstate Admin", "A8:9A:93:C3:51:66", "-84", "11", "4:10:31 PM"
"Upstate Admin", "A8:9A:93:C3:51:66", "-84", "11", "4:10:33 PM"
"Upstate Admin", "A8:9A:93:C3:51:66", "-86", "11", "4:10:36 PM"
"Upstate Admin", "A8:9A:93:C3:51:66", "-86", "11", "4:10:38 PM"
"Upstate Admin", "A8:9A:93:C3:51:66", "-86", "11", "4:10:41 PM"
"Upstate Admin", "A8:9A:93:C3:51:66", "-86", "11", "4:10:43 PM"
"Upstate Admin", "A8:9A:93:C3:51:66", "-87", "11", "4:10:46 PM"
"Upstate Admin", "A8:9A:93:C3:51:66", "-87", "11", "4:10:48 PM"
"Upstate Admin", "A8:9A:93:C3:51:66", "-87", "11", "4:10:51 PM"
"Upstate Admin", "A8:9A:93:C3:51:66", "-87", "11", "4:10:53 PM"
"modjoul_2.4GHZ", "A8:9A:93:B8:69:D6", "-63", "11", "4:09:56 PM"
"modjoul_2.4GHZ", "A8:9A:93:B8:69:D6", "-63", "11", "4:09:58 PM"
"modjoul_2.4GHZ", "A8:9A:93:B8:69:D6", "-63", "11", "4:10:00 PM"
"modjoul_2.4GHZ", "A8:9A:93:B8:69:D6", "-66", "11", "4:10:03 PM"
"modjoul_2.4GHZ", "A8:9A:93:B8:69:D6", "-68", "11", "4:10:05 PM"
"modjoul_2.4GHZ", "A8:9A:93:B8:69:D6", "-68", "11", "4:10:08 PM"
"modjoul_2.4GHZ", "A8:9A:93:B8:69:D6", "-69", "11", "4:10:11 PM"
"modjoul_2.4GHZ", "A8:9A:93:B8:69:D6", "-66", "11", "4:10:14 PM"
"modjoul_2.4GHZ", "A8:9A:93:B8:69:D6", "-74", "11", "4:10:16 PM"
"modjoul_2.4GHZ", "A8:9A:93:B8:69:D6", "-74", "11", "4:10:18 PM"
"modjoul_2.4GHZ", "A8:9A:93:B8:69:D6", "-74", "11", "4:10:21 PM"
"modjoul_2.4GHZ", "A8:9A:93:B8:69:D6", "-72", "11", "4:10:23 PM"
"modjoul_2.4GHZ", "A8:9A:93:B8:69:D6", "-66", "11", "4:10:26 PM"
"modjoul_2.4GHZ", "A8:9A:93:B8:69:D6", "-69", "11", "4:10:28 PM"
"modjoul_2.4GHZ", "A8:9A:93:B8:69:D6", "-69", "11", "4:10:31 PM"
"modjoul_2.4GHZ", "A8:9A:93:B8:69:D6", "-69", "11", "4:10:33 PM"
"modjoul_2.4GHZ", "A8:9A:93:B8:69:D6", "-68", "11", "4:10:36 PM"
"modjoul_2.4GHZ", "A8:9A:93:B8:69:D6", "-68", "11", "4:10:38 PM"
"modjoul_2.4GHZ", "A8:9A:93:B8:69:D6", "-68", "11", "4:10:41 PM"
"modjoul_2.4GHZ", "A8:9A:93:B8:69:D6", "-68", "11", "4:10:43 PM"
"modjoul_2.4GHZ", "A8:9A:93:B8:69:D6", "-68", "11", "4:10:46 PM"
"modjoul_2.4GHZ", "A8:9A:93:B8:69:D6", "-68", "11", "4:10:48 PM"
"modjoul_2.4GHZ", "A8:9A:93:B8:69:D6", "-68", "11", "4:10:51 PM"
"modjoul_2.4GHZ", "A8:9A:93:B8:69:D6", "-68", "11", "4:10:53 PM"
"National Land Guest", "FE:EC:DA:F7:54:92", "-93", "1", "4:10:33 PM"
"National Land Guest", "FE:EC:DA:F7:54:92", "-93", "1", "4:10:36 PM"
"National Land Guest", "FE:EC:DA:F7:54:92", "-93", "1", "4:10:38 PM"
"National Land Guest", "FE:EC:DA:F7:54:92", "-93", "1", "4:10:41 PM"
"National Land Guest", "FE:EC:DA:F7:54:92", "-93", "1", "4:10:43 PM"
"National Land Guest", "FE:EC:DA:F7:54:92", "-93", "1", "4:10:46 PM"
"National Land Guest", "FE:EC:DA:F7:54:92", "-93", "1", "4:10:48 PM"
"National Land Guest", "FE:EC:DA:F7:54:92", "-93", "1", "4:10:51 PM"
"National Land Guest", "FE:EC:DA:F7:54:92", "-93", "1", "4:10:53 PM"
"MySpectrumWiFi40-2G", "30:93:BC:FD:26:46", "-81", "1", "4:10:11 PM"
"MySpectrumWiFi40-2G", "30:93:BC:FD:26:46", "-81", "1", "4:10:14 PM"
"MySpectrumWiFi40-2G", "30:93:BC:FD:26:46", "-79", "1", "4:10:16 PM"
"MySpectrumWiFi40-2G", "30:93:BC:FD:26:46", "-79", "1", "4:10:18 PM"
"MySpectrumWiFi40-2G", "30:93:BC:FD:26:46", "-79", "1", "4:10:21 PM"
"MySpectrumWiFi40-2G", "30:93:BC:FD:26:46", "-79", "1", "4:10:23 PM"
"MySpectrumWiFi40-2G", "30:93:BC:FD:26:46", "-79", "1", "4:10:26 PM"
"MySpectrumWiFi40-2G", "30:93:BC:FD:26:46", "-79", "1", "4:10:28 PM"
"MySpectrumWiFi40-2G", "30:93:BC:FD:26:46", "-79", "1", "4:10:31 PM"
"MySpectrumWiFi40-2G", "30:93:BC:FD:26:46", "-79", "1", "4:10:33 PM"
"MySpectrumWiFi40-2G", "30:93:BC:FD:26:46", "-84", "1", "4:10:36 PM"
"MySpectrumWiFi40-2G", "30:93:BC:FD:26:46", "-84", "1", "4:10:38 PM"
"MySpectrumWiFi40-2G", "30:93:BC:FD:26:46", "-80", "1", "4:10:41 PM"
"MySpectrumWiFi40-2G", "30:93:BC:FD:26:46", "-80", "1", "4:10:43 PM"
"MySpectrumWiFi40-2G", "30:93:BC:FD:26:46", "-80", "1", "4:10:46 PM"
"MySpectrumWiFi40-2G", "30:93:BC:FD:26:46", "-88", "1", "4:10:48 PM"
"MySpectrumWiFi40-2G", "30:93:BC:FD:26:46", "-88", "1", "4:10:51 PM"
"MySpectrumWiFi40-2G", "30:93:BC:FD:26:46", "-90", "1", "4:10:53 PM"
"MySpectrumWiFic0-2G", "A8:9A:93:B9:B9:3E", "-77", "1", "4:10:05 PM"
"MySpectrumWiFic0-2G", "A8:9A:93:B9:B9:3E", "-77", "1", "4:10:08 PM"
"MySpectrumWiFic0-2G", "A8:9A:93:B9:B9:3E", "-77", "1", "4:10:11 PM"
"MySpectrumWiFic0-2G", "A8:9A:93:B9:B9:3E", "-77", "1", "4:10:14 PM"
"MySpectrumWiFic0-2G", "A8:9A:93:B9:B9:3E", "-77", "1", "4:10:16 PM"
"MySpectrumWiFic0-2G", "A8:9A:93:B9:B9:3E", "-77", "1", "4:10:18 PM"
"MySpectrumWiFic0-2G", "A8:9A:93:B9:B9:3E", "-77", "1", "4:10:21 PM"
"MySpectrumWiFic0-2G", "A8:9A:93:B9:B9:3E", "-74", "1", "4:10:23 PM"
"MySpectrumWiFic0-2G", "A8:9A:93:B9:B9:3E", "-74", "1", "4:10:26 PM"
"MySpectrumWiFic0-2G", "A8:9A:93:B9:B9:3E", "-80", "1", "4:10:28 PM"
"MySpectrumWiFic0-2G", "A8:9A:93:B9:B9:3E", "-80", "1", "4:10:31 PM"
"MySpectrumWiFic0-2G", "A8:9A:93:B9:B9:3E", "-82", "1", "4:10:33 PM"
"MySpectrumWiFic0-2G", "A8:9A:93:B9:B9:3E", "-82", "1", "4:10:36 PM"
"MySpectrumWiFic0-2G", "A8:9A:93:B9:B9:3E", "-81", "1", "4:10:38 PM"
"MySpectrumWiFic0-2G", "A8:9A:93:B9:B9:3E", "-78", "1", "4:10:41 PM"
"MySpectrumWiFic0-2G", "A8:9A:93:B9:B9:3E", "-78", "1", "4:10:43 PM"
"MySpectrumWiFic0-2G", "A8:9A:93:B9:B9:3E", "-78", "1", "4:10:46 PM"
"MySpectrumWiFic0-2G", "A8:9A:93:B9:B9:3E", "-78", "1", "4:10:48 PM"
"MySpectrumWiFic0-2G", "A8:9A:93:B9:B9:3E", "-78", "1", "4:10:51 PM"
"MySpectrumWiFic0-2G", "A8:9A:93:B9:B9:3E", "-78", "1", "4:10:53 PM"
"", "46:D8:78:DB:C2:25", "-77", "1", "4:10:21 PM"
"", "46:D8:78:DB:C2:25", "-77", "1", "4:10:23 PM"
"", "46:D8:78:DB:C2:25", "-80", "1", "4:10:26 PM"
"", "46:D8:78:DB:C2:25", "-77", "1", "4:10:28 PM"
"", "46:D8:78:DB:C2:25", "-75", "1", "4:10:31 PM"
"", "46:D8:78:DB:C2:25", "-75", "1", "4:10:33 PM"
"", "46:D8:78:DB:C2:25", "-75", "1", "4:10:36 PM"
"", "46:D8:78:DB:C2:25", "-75", "1", "4:10:38 PM"
"", "46:D8:78:DB:C2:25", "-75", "1", "4:10:41 PM"
"", "46:D8:78:DB:C2:25", "-82", "1", "4:10:43 PM"
"", "46:D8:78:DB:C2:25", "-82", "1", "4:10:46 PM"
"", "46:D8:78:DB:C2:25", "-82", "1", "4:10:48 PM"
"", "46:D8:78:DB:C2:25", "-84", "1", "4:10:51 PM"
"", "46:D8:78:DB:C2:25", "-84", "1", "4:10:53 PM"
"modjoul_5GHZ", "A8:9A:93:B8:69:D7", "-70", "40", "4:09:58 PM"
"modjoul_5GHZ", "A8:9A:93:B8:69:D7", "-71", "40", "4:10:00 PM"
"modjoul_5GHZ", "A8:9A:93:B8:69:D7", "-73", "40", "4:10:03 PM"
"modjoul_5GHZ", "A8:9A:93:B8:69:D7", "-73", "40", "4:10:05 PM"
"modjoul_5GHZ", "A8:9A:93:B8:69:D7", "-72", "40", "4:10:08 PM"
"modjoul_5GHZ", "A8:9A:93:B8:69:D7", "-73", "40", "4:10:11 PM"
"modjoul_5GHZ", "A8:9A:93:B8:69:D7", "-71", "40", "4:10:14 PM"
"modjoul_5GHZ", "A8:9A:93:B8:69:D7", "-73", "40", "4:10:16 PM"
"modjoul_5GHZ", "A8:9A:93:B8:69:D7", "-74", "40", "4:10:18 PM"
"modjoul_5GHZ", "A8:9A:93:B8:69:D7", "-73", "40", "4:10:21 PM"
"modjoul_5GHZ", "A8:9A:93:B8:69:D7", "-73", "40", "4:10:23 PM"
"modjoul_5GHZ", "A8:9A:93:B8:69:D7", "-76", "40", "4:10:26 PM"
"modjoul_5GHZ", "A8:9A:93:B8:69:D7", "-70", "40", "4:10:28 PM"
"modjoul_5GHZ", "A8:9A:93:B8:69:D7", "-73", "40", "4:10:31 PM"
"modjoul_5GHZ", "A8:9A:93:B8:69:D7", "-71", "40", "4:10:33 PM"
"modjoul_5GHZ", "A8:9A:93:B8:69:D7", "-71", "40", "4:10:36 PM"
"modjoul_5GHZ", "A8:9A:93:B8:69:D7", "-72", "40", "4:10:38 PM"
"modjoul_5GHZ", "A8:9A:93:B8:69:D7", "-71", "40", "4:10:41 PM"
"modjoul_5GHZ", "A8:9A:93:B8:69:D7", "-71", "40", "4:10:43 PM"
"modjoul_5GHZ", "A8:9A:93:B8:69:D7", "-71", "40", "4:10:46 PM"
"modjoul_5GHZ", "A8:9A:93:B8:69:D7", "-73", "40", "4:10:48 PM"
"modjoul_5GHZ", "A8:9A:93:B8:69:D7", "-73", "40", "4:10:51 PM"
"modjoul_5GHZ", "A8:9A:93:B8:69:D7", "-73", "40", "4:10:53 PM"
"amzn1", "00:30:44:70:B1:B7", "-51", "6", "4:09:58 PM"
"amzn1", "00:30:44:70:B1:B7", "-49", "6", "4:10:00 PM"
"amzn1", "00:30:44:70:B1:B7", "-50", "6", "4:10:03 PM"
"amzn1", "00:30:44:70:B1:B7", "-49", "6", "4:10:05 PM"
"amzn1", "00:30:44:70:B1:B7", "-59", "6", "4:10:08 PM"
"amzn1", "00:30:44:70:B1:B7", "-56", "6", "4:10:11 PM"
"amzn1", "00:30:44:70:B1:B7", "-53", "6", "4:10:14 PM"
"amzn1", "00:30:44:70:B1:B7", "-53", "6", "4:10:16 PM"
"amzn1", "00:30:44:70:B1:B7", "-52", "6", "4:10:18 PM"
"amzn1", "00:30:44:70:B1:B7", "-49", "6", "4:10:21 PM"
"amzn1", "00:30:44:70:B1:B7", "-52", "6", "4:10:23 PM"
"amzn1", "00:30:44:70:B1:B7", "-52", "6", "4:10:26 PM"
"amzn1", "00:30:44:70:B1:B7", "-52", "6", "4:10:28 PM"
"amzn1", "00:30:44:70:B1:B7", "-52", "6", "4:10:31 PM"
"amzn1", "00:30:44:70:B1:B7", "-51", "6", "4:10:33 PM"
"amzn1", "00:30:44:70:B1:B7", "-49", "6", "4:10:36 PM"
"amzn1", "00:30:44:70:B1:B7", "-50", "6", "4:10:38 PM"
"amzn1", "00:30:44:70:B1:B7", "-51", "6", "4:10:41 PM"
"amzn1", "00:30:44:70:B1:B7", "-47", "6", "4:10:43 PM"
"amzn1", "00:30:44:70:B1:B7", "-50", "6", "4:10:46 PM"
"amzn1", "00:30:44:70:B1:B7", "-58", "6", "4:10:48 PM"
"amzn1", "00:30:44:70:B1:B7", "-58", "6", "4:10:51 PM"
"amzn1", "00:30:44:70:B1:B7", "-58", "6", "4:10:53 PM"
"Upstate Student", "A8:9A:93:C3:51:67", "-90", "36", "4:09:58 PM"
"Upstate Student", "A8:9A:93:C3:51:67", "-90", "36", "4:10:00 PM"
"Upstate Student", "A8:9A:93:C3:51:67", "-92", "36", "4:10:03 PM"
"Upstate Student", "A8:9A:93:C3:51:67", "-91", "36", "4:10:05 PM"
"Upstate Student", "A8:9A:93:C3:51:67", "-91", "36", "4:10:08 PM"
"Upstate Student", "A8:9A:93:C3:51:67", "-91", "36", "4:10:11 PM"
"Upstate Student", "A8:9A:93:C3:51:67", "-91", "36", "4:10:14 PM"
"Upstate Student", "A8:9A:93:C3:51:67", "-91", "36", "4:10:16 PM"
"Upstate Student", "A8:9A:93:C3:51:67", "-90", "36", "4:10:18 PM"
"Upstate Student", "A8:9A:93:C3:51:67", "-91", "36", "4:10:21 PM"
"Upstate Student", "A8:9A:93:C3:51:67", "-90", "36", "4:10:23 PM"
"Upstate Student", "A8:9A:93:C3:51:67", "-92", "36", "4:10:26 PM"
"Upstate Student", "A8:9A:93:C3:51:67", "-93", "36", "4:10:28 PM"
"Upstate Student", "A8:9A:93:C3:51:67", "-93", "36", "4:10:31 PM"
"Upstate Student", "A8:9A:93:C3:51:67", "-91", "36", "4:10:33 PM"
"Upstate Student", "A8:9A:93:C3:51:67", "-91", "36", "4:10:36 PM"
"Upstate Student", "A8:9A:93:C3:51:67", "-94", "36", "4:10:38 PM"
"Upstate Student", "A8:9A:93:C3:51:67", "-94", "36", "4:10:41 PM"
"Upstate Student", "A8:9A:93:C3:51:67", "-89", "36", "4:10:43 PM"
"Upstate Student", "A8:9A:93:C3:51:67", "-88", "36", "4:10:46 PM"
"Upstate Student", "A8:9A:93:C3:51:67", "-87", "36", "4:10:48 PM"
"Upstate Student", "A8:9A:93:C3:51:67", "-87", "36", "4:10:51 PM"
"Upstate Student", "A8:9A:93:C3:51:67", "-87", "36", "4:10:53 PM"
"modjoul", "24:5A:4C:6D:AA:50", "-74", "6", "4:10:14 PM"
"modjoul", "24:5A:4C:6D:AA:50", "-73", "6", "4:10:16 PM"
"modjoul", "24:5A:4C:6D:AA:50", "-73", "6", "4:10:18 PM"
"modjoul", "24:5A:4C:6D:AA:50", "-76", "6", "4:10:21 PM"
"modjoul", "24:5A:4C:6D:AA:50", "-74", "6", "4:10:23 PM"
"modjoul", "24:5A:4C:6D:AA:50", "-73", "6", "4:10:26 PM"
"modjoul", "24:5A:4C:6D:AA:50", "-73", "6", "4:10:28 PM"
"modjoul", "24:5A:4C:6D:AA:50", "-73", "6", "4:10:31 PM"
"modjoul", "24:5A:4C:6D:AA:50", "-73", "6", "4:10:33 PM"
"modjoul", "24:5A:4C:6D:AA:50", "-73", "6", "4:10:36 PM"
"modjoul", "24:5A:4C:6D:AA:50", "-73", "6", "4:10:38 PM"
"modjoul", "24:5A:4C:6D:AA:50", "-73", "6", "4:10:41 PM"
"modjoul", "24:5A:4C:6D:AA:50", "-73", "6", "4:10:43 PM"
"modjoul", "24:5A:4C:6D:AA:50", "-73", "6", "4:10:46 PM"
"modjoul", "24:5A:4C:6D:AA:50", "-73", "6", "4:10:48 PM"
"modjoul", "24:5A:4C:6D:AA:50", "-79", "6", "4:10:51 PM"
"modjoul", "24:5A:4C:6D:AA:50", "-79", "6", "4:10:53 PM"
"MySpectrumWiFi40-5G", "30:93:BC:FD:26:47", "-91", "157", "4:10:00 PM"
"MySpectrumWiFi40-5G", "30:93:BC:FD:26:47", "-91", "157", "4:10:03 PM"
"MySpectrumWiFi40-5G", "30:93:BC:FD:26:47", "-91", "157", "4:10:05 PM"
"MySpectrumWiFi40-5G", "30:93:BC:FD:26:47", "-91", "157", "4:10:08 PM"
"MySpectrumWiFi40-5G", "30:93:BC:FD:26:47", "-85", "157", "4:10:11 PM"
"MySpectrumWiFi40-5G", "30:93:BC:FD:26:47", "-85", "157", "4:10:14 PM"
"MySpectrumWiFi40-5G", "30:93:BC:FD:26:47", "-85", "157", "4:10:16 PM"
"MySpectrumWiFi40-5G", "30:93:BC:FD:26:47", "-88", "157", "4:10:18 PM"
"MySpectrumWiFi40-5G", "30:93:BC:FD:26:47", "-90", "157", "4:10:21 PM"
"MySpectrumWiFi40-5G", "30:93:BC:FD:26:47", "-90", "157", "4:10:23 PM"
"MySpectrumWiFi40-5G", "30:93:BC:FD:26:47", "-90", "157", "4:10:26 PM"
"MySpectrumWiFi40-5G", "30:93:BC:FD:26:47", "-87", "157", "4:10:28 PM"
"MySpectrumWiFi40-5G", "30:93:BC:FD:26:47", "-87", "157", "4:10:31 PM"
"MySpectrumWiFi40-5G", "30:93:BC:FD:26:47", "-87", "157", "4:10:33 PM"
"MySpectrumWiFi40-5G", "30:93:BC:FD:26:47", "-87", "157", "4:10:36 PM"
"MySpectrumWiFi40-5G", "30:93:BC:FD:26:47", "-90", "157", "4:10:38 PM"
"MySpectrumWiFi40-5G", "30:93:BC:FD:26:47", "-87", "157", "4:10:41 PM"
"MySpectrumWiFi40-5G", "30:93:BC:FD:26:47", "-87", "157", "4:10:43 PM"
"MySpectrumWiFi40-5G", "30:93:BC:FD:26:47", "-87", "157", "4:10:46 PM"
"MySpectrumWiFi40-5G", "30:93:BC:FD:26:47", "-87", "157", "4:10:48 PM"
"MySpectrumWiFi40-5G", "30:93:BC:FD:26:47", "-87", "157", "4:10:51 PM"
"MySpectrumWiFi40-5G", "30:93:BC:FD:26:47", "-85", "157", "4:10:53 PM"
"MySpectrumWiFic0-5G", "A8:9A:93:B9:B9:3F", "-81", "149", "4:09:56 PM"
"MySpectrumWiFic0-5G", "A8:9A:93:B9:B9:3F", "-84", "149", "4:09:58 PM"
"MySpectrumWiFic0-5G", "A8:9A:93:B9:B9:3F", "-83", "149", "4:10:00 PM"
"MySpectrumWiFic0-5G", "A8:9A:93:B9:B9:3F", "-83", "149", "4:10:03 PM"
"MySpectrumWiFic0-5G", "A8:9A:93:B9:B9:3F", "-83", "149", "4:10:05 PM"
"MySpectrumWiFic0-5G", "A8:9A:93:B9:B9:3F", "-83", "149", "4:10:08 PM"
"MySpectrumWiFic0-5G", "A8:9A:93:B9:B9:3F", "-86", "149", "4:10:11 PM"
"MySpectrumWiFic0-5G", "A8:9A:93:B9:B9:3F", "-86", "149", "4:10:14 PM"
"MySpectrumWiFic0-5G", "A8:9A:93:B9:B9:3F", "-86", "149", "4:10:16 PM"
"MySpectrumWiFic0-5G", "A8:9A:93:B9:B9:3F", "-86", "149", "4:10:18 PM"
"MySpectrumWiFic0-5G", "A8:9A:93:B9:B9:3F", "-86", "149", "4:10:21 PM"
"MySpectrumWiFic0-5G", "A8:9A:93:B9:B9:3F", "-78", "149", "4:10:23 PM"
"MySpectrumWiFic0-5G", "A8:9A:93:B9:B9:3F", "-84", "149", "4:10:26 PM"
"MySpectrumWiFic0-5G", "A8:9A:93:B9:B9:3F", "-84", "149", "4:10:28 PM"
"MySpectrumWiFic0-5G", "A8:9A:93:B9:B9:3F", "-82", "149", "4:10:31 PM"
"MySpectrumWiFic0-5G", "A8:9A:93:B9:B9:3F", "-82", "149", "4:10:33 PM"
"MySpectrumWiFic0-5G", "A8:9A:93:B9:B9:3F", "-79", "149", "4:10:36 PM"
"MySpectrumWiFic0-5G", "A8:9A:93:B9:B9:3F", "-79", "149", "4:10:38 PM"
"MySpectrumWiFic0-5G", "A8:9A:93:B9:B9:3F", "-84", "149", "4:10:41 PM"
"MySpectrumWiFic0-5G", "A8:9A:93:B9:B9:3F", "-84", "149", "4:10:43 PM"
"MySpectrumWiFic0-5G", "A8:9A:93:B9:B9:3F", "-84", "149", "4:10:46 PM"
"MySpectrumWiFic0-5G", "A8:9A:93:B9:B9:3F", "-84", "149", "4:10:48 PM"
"MySpectrumWiFic0-5G", "A8:9A:93:B9:B9:3F", "-79", "149", "4:10:51 PM"
"MySpectrumWiFic0-5G", "A8:9A:93:B9:B9:3F", "-79", "149", "4:10:53 PM"
"EX01_Test", "6C:5A:B0:80:F8:B8", "-86", "10", "4:10:03 PM"
"EX01_Test", "6C:5A:B0:80:F8:B8", "-86", "10", "4:10:05 PM"
"EX01_Test", "6C:5A:B0:80:F8:B8", "-86", "10", "4:10:08 PM"
"EX01_Test", "6C:5A:B0:80:F8:B8", "-86", "10", "4:10:11 PM"
"EX01_Test", "6C:5A:B0:80:F8:B8", "-86", "10", "4:10:14 PM"
"EX01_Test", "6C:5A:B0:80:F8:B8", "-86", "10", "4:10:16 PM"
"EX01_Test", "6C:5A:B0:80:F8:B8", "-86", "10", "4:10:18 PM"
"EX01_Test", "6C:5A:B0:80:F8:B8", "-86", "10", "4:10:21 PM"
"EX01_Test", "6C:5A:B0:80:F8:B8", "-86", "10", "4:10:23 PM"
"EX01_Test", "6C:5A:B0:80:F8:B8", "-93", "10", "4:10:26 PM"
"EX01_Test", "6C:5A:B0:80:F8:B8", "-93", "10", "4:10:28 PM"
"EX01_Test", "6C:5A:B0:80:F8:B8", "-93", "10", "4:10:31 PM"
"EX01_Test", "6C:5A:B0:80:F8:B8", "-92", "10", "4:10:33 PM"
"EX01_Test", "6C:5A:B0:80:F8:B8", "-92", "10", "4:10:36 PM"
"EX01_Test", "6C:5A:B0:80:F8:B8", "-92", "10", "4:10:38 PM"
"EX01_Test", "6C:5A:B0:80:F8:B8", "-92", "10", "4:10:41 PM"
"EX01_Test", "6C:5A:B0:80:F8:B8", "-92", "10", "4:10:43 PM"
"EX01_Test", "6C:5A:B0:80:F8:B8", "-92", "10", "4:10:46 PM"
"EX01_Test", "6C:5A:B0:80:F8:B8", "-92", "10", "4:10:48 PM"
"EX01_Test", "6C:5A:B0:80:F8:B8", "-92", "10", "4:10:51 PM"
"EX01_Test", "6C:5A:B0:80:F8:B8", "-92", "10", "4:10:53 PM"
"LEVEL14-2G", "98:1E:19:2F:35:1E", "-78", "1", "4:09:58 PM"
"LEVEL14-2G", "98:1E:19:2F:35:1E", "-78", "1", "4:10:00 PM"
"LEVEL14-2G", "98:1E:19:2F:35:1E", "-78", "1", "4:10:03 PM"
"LEVEL14-2G", "98:1E:19:2F:35:1E", "-76", "1", "4:10:05 PM"
"LEVEL14-2G", "98:1E:19:2F:35:1E", "-75", "1", "4:10:08 PM"
"LEVEL14-2G", "98:1E:19:2F:35:1E", "-75", "1", "4:10:11 PM"
"LEVEL14-2G", "98:1E:19:2F:35:1E", "-78", "1", "4:10:14 PM"
"LEVEL14-2G", "98:1E:19:2F:35:1E", "-78", "1", "4:10:16 PM"
"LEVEL14-2G", "98:1E:19:2F:35:1E", "-78", "1", "4:10:18 PM"
"LEVEL14-2G", "98:1E:19:2F:35:1E", "-78", "1", "4:10:21 PM"
"LEVEL14-2G", "98:1E:19:2F:35:1E", "-78", "1", "4:10:23 PM"
"LEVEL14-2G", "98:1E:19:2F:35:1E", "-78", "1", "4:10:26 PM"
"LEVEL14-2G", "98:1E:19:2F:35:1E", "-76", "1", "4:10:28 PM"
"LEVEL14-2G", "98:1E:19:2F:35:1E", "-76", "1", "4:10:31 PM"
"LEVEL14-2G", "98:1E:19:2F:35:1E", "-76", "1", "4:10:33 PM"
"LEVEL14-2G", "98:1E:19:2F:35:1E", "-76", "1", "4:10:36 PM"
"LEVEL14-2G", "98:1E:19:2F:35:1E", "-78", "1", "4:10:38 PM"
"LEVEL14-2G", "98:1E:19:2F:35:1E", "-74", "1", "4:10:41 PM"
"LEVEL14-2G", "98:1E:19:2F:35:1E", "-74", "1", "4:10:43 PM"
"LEVEL14-2G", "98:1E:19:2F:35:1E", "-74", "1", "4:10:46 PM"
"LEVEL14-2G", "98:1E:19:2F:35:1E", "-81", "1", "4:10:48 PM"
"LEVEL14-2G", "98:1E:19:2F:35:1E", "-81", "1", "4:10:51 PM"
"LEVEL14-2G", "98:1E:19:2F:35:1E", "-82", "1", "4:10:53 PM"
"HotspotkpSu", "28:38:5C:04:43:7A", "-92", "6", "4:10:31 PM"
"HotspotkpSu", "28:38:5C:04:43:7A", "-93", "6", "4:10:33 PM"
"HotspotkpSu", "28:38:5C:04:43:7A", "-93", "6", "4:10:36 PM"
"HotspotkpSu", "28:38:5C:04:43:7A", "-93", "6", "4:10:38 PM"
"HotspotkpSu", "28:38:5C:04:43:7A", "-93", "6", "4:10:41 PM"
"HotspotkpSu", "28:38:5C:04:43:7A", "-93", "6", "4:10:43 PM"
"HotspotkpSu", "28:38:5C:04:43:7A", "-93", "6", "4:10:46 PM"
"HotspotkpSu", "28:38:5C:04:43:7A", "-93", "6", "4:10:48 PM"
"HotspotkpSu", "28:38:5C:04:43:7A", "-93", "6", "4:10:51 PM"
"HotspotkpSu", "28:38:5C:04:43:7A", "-93", "6", "4:10:53 PM"
"CertaPro-Guest", "82:CC:9C:2B:81:66", "-76", "153", "4:10:21 PM"
"CertaPro-Guest", "82:CC:9C:2B:81:66", "-76", "153", "4:10:23 PM"
"CertaPro-Guest", "82:CC:9C:2B:81:66", "-76", "153", "4:10:26 PM"
"CertaPro-Guest", "82:CC:9C:2B:81:66", "-76", "153", "4:10:28 PM"
"CertaPro-Guest", "82:CC:9C:2B:81:66", "-79", "153", "4:10:31 PM"
"CertaPro-Guest", "82:CC:9C:2B:81:66", "-79", "153", "4:10:33 PM"
"CertaPro-Guest", "82:CC:9C:2B:81:66", "-79", "153", "4:10:36 PM"
"CertaPro-Guest", "82:CC:9C:2B:81:66", "-79", "153", "4:10:38 PM"
"CertaPro-Guest", "82:CC:9C:2B:81:66", "-79", "153", "4:10:41 PM"
"CertaPro-Guest", "82:CC:9C:2B:81:66", "-79", "153", "4:10:43 PM"
"CertaPro-Guest", "82:CC:9C:2B:81:66", "-78", "153", "4:10:46 PM"
"CertaPro-Guest", "82:CC:9C:2B:81:66", "-78", "153", "4:10:48 PM"
"CertaPro-Guest", "82:CC:9C:2B:81:66", "-78", "153", "4:10:51 PM"
"CertaPro-Guest", "82:CC:9C:2B:81:66", "-78", "153", "4:10:53 PM"
"Spectrum Free Trial", "EC:58:EA:A2:CE:98", "-75", "1", "4:10:03 PM"
"Spectrum Free Trial", "EC:58:EA:A2:CE:98", "-75", "1", "4:10:05 PM"
"Spectrum Free Trial", "EC:58:EA:A2:CE:98", "-75", "1", "4:10:08 PM"
"Spectrum Free Trial", "EC:58:EA:A2:CE:98", "-73", "1", "4:10:11 PM"
"Spectrum Free Trial", "EC:58:EA:A2:CE:98", "-75", "1", "4:10:14 PM"
"Spectrum Free Trial", "EC:58:EA:A2:CE:98", "-75", "1", "4:10:16 PM"
"Spectrum Free Trial", "EC:58:EA:A2:CE:98", "-75", "1", "4:10:18 PM"
"Spectrum Free Trial", "EC:58:EA:A2:CE:98", "-73", "1", "4:10:21 PM"
"Spectrum Free Trial", "EC:58:EA:A2:CE:98", "-73", "1", "4:10:23 PM"
"Spectrum Free Trial", "EC:58:EA:A2:CE:98", "-71", "1", "4:10:26 PM"
"Spectrum Free Trial", "EC:58:EA:A2:CE:98", "-75", "1", "4:10:28 PM"
"Spectrum Free Trial", "EC:58:EA:A2:CE:98", "-76", "1", "4:10:31 PM"
"Spectrum Free Trial", "EC:58:EA:A2:CE:98", "-76", "1", "4:10:33 PM"
"Spectrum Free Trial", "EC:58:EA:A2:CE:98", "-75", "1", "4:10:36 PM"
"Spectrum Free Trial", "EC:58:EA:A2:CE:98", "-75", "1", "4:10:38 PM"
"Spectrum Free Trial", "EC:58:EA:A2:CE:98", "-75", "1", "4:10:41 PM"
"Spectrum Free Trial", "EC:58:EA:A2:CE:98", "-75", "1", "4:10:43 PM"
"Spectrum Free Trial", "EC:58:EA:A2:CE:98", "-78", "1", "4:10:46 PM"
"Spectrum Free Trial", "EC:58:EA:A2:CE:98", "-79", "1", "4:10:48 PM"
"Spectrum Free Trial", "EC:58:EA:A2:CE:98", "-79", "1", "4:10:51 PM"
"Spectrum Free Trial", "EC:58:EA:A2:CE:98", "-79", "1", "4:10:53 PM"
"E3000-f4e", "00:30:44:69:7F:51", "-77", "6", "4:09:58 PM"
"E3000-f4e", "00:30:44:69:7F:51", "-78", "6", "4:10:00 PM"
"E3000-f4e", "00:30:44:69:7F:51", "-78", "6", "4:10:03 PM"
"E3000-f4e", "00:30:44:69:7F:51", "-78", "6", "4:10:05 PM"
"E3000-f4e", "00:30:44:69:7F:51", "-78", "6", "4:10:08 PM"
"E3000-f4e", "00:30:44:69:7F:51", "-78", "6", "4:10:11 PM"
"E3000-f4e", "00:30:44:69:7F:51", "-84", "6", "4:10:14 PM"
"E3000-f4e", "00:30:44:69:7F:51", "-84", "6", "4:10:16 PM"
"E3000-f4e", "00:30:44:69:7F:51", "-84", "6", "4:10:18 PM"
"E3000-f4e", "00:30:44:69:7F:51", "-84", "6", "4:10:21 PM"
"E3000-f4e", "00:30:44:69:7F:51", "-77", "6", "4:10:23 PM"
"E3000-f4e", "00:30:44:69:7F:51", "-77", "6", "4:10:26 PM"
"E3000-f4e", "00:30:44:69:7F:51", "-77", "6", "4:10:28 PM"
"E3000-f4e", "00:30:44:69:7F:51", "-77", "6", "4:10:31 PM"
"E3000-f4e", "00:30:44:69:7F:51", "-77", "6", "4:10:33 PM"
"E3000-f4e", "00:30:44:69:7F:51", "-83", "6", "4:10:36 PM"
"E3000-f4e", "00:30:44:69:7F:51", "-83", "6", "4:10:38 PM"
"E3000-f4e", "00:30:44:69:7F:51", "-83", "6", "4:10:41 PM"
"E3000-f4e", "00:30:44:69:7F:51", "-82", "6", "4:10:43 PM"
"E3000-f4e", "00:30:44:69:7F:51", "-80", "6", "4:10:46 PM"
"E3000-f4e", "00:30:44:69:7F:51", "-80", "6", "4:10:48 PM"
"E3000-f4e", "00:30:44:69:7F:51", "-80", "6", "4:10:51 PM"
"E3000-f4e", "00:30:44:69:7F:51", "-80", "6", "4:10:53 PM"
"LEVEL14-5G", "98:1E:19:2F:35:1F", "-85", "149", "4:09:56 PM"
"LEVEL14-5G", "98:1E:19:2F:35:1F", "-82", "149", "4:09:58 PM"
"LEVEL14-5G", "98:1E:19:2F:35:1F", "-81", "149", "4:10:00 PM"
"LEVEL14-5G", "98:1E:19:2F:35:1F", "-81", "149", "4:10:03 PM"
"LEVEL14-5G", "98:1E:19:2F:35:1F", "-81", "149", "4:10:05 PM"
"LEVEL14-5G", "98:1E:19:2F:35:1F", "-81", "149", "4:10:08 PM"
"LEVEL14-5G", "98:1E:19:2F:35:1F", "-87", "149", "4:10:11 PM"
"LEVEL14-5G", "98:1E:19:2F:35:1F", "-87", "149", "4:10:14 PM"
"LEVEL14-5G", "98:1E:19:2F:35:1F", "-87", "149", "4:10:16 PM"
"LEVEL14-5G", "98:1E:19:2F:35:1F", "-84", "149", "4:10:18 PM"
"LEVEL14-5G", "98:1E:19:2F:35:1F", "-84", "149", "4:10:21 PM"
"LEVEL14-5G", "98:1E:19:2F:35:1F", "-84", "149", "4:10:23 PM"
"LEVEL14-5G", "98:1E:19:2F:35:1F", "-87", "149", "4:10:26 PM"
"LEVEL14-5G", "98:1E:19:2F:35:1F", "-89", "149", "4:10:28 PM"
"LEVEL14-5G", "98:1E:19:2F:35:1F", "-89", "149", "4:10:31 PM"
"LEVEL14-5G", "98:1E:19:2F:35:1F", "-89", "149", "4:10:33 PM"
"LEVEL14-5G", "98:1E:19:2F:35:1F", "-88", "149", "4:10:36 PM"
"LEVEL14-5G", "98:1E:19:2F:35:1F", "-85", "149", "4:10:38 PM"
"LEVEL14-5G", "98:1E:19:2F:35:1F", "-85", "149", "4:10:41 PM"
"LEVEL14-5G", "98:1E:19:2F:35:1F", "-85", "149", "4:10:43 PM"
"LEVEL14-5G", "98:1E:19:2F:35:1F", "-85", "149", "4:10:46 PM"
"LEVEL14-5G", "98:1E:19:2F:35:1F", "-85", "149", "4:10:48 PM"
"LEVEL14-5G", "98:1E:19:2F:35:1F", "-85", "149", "4:10:51 PM"
"LEVEL14-5G", "98:1E:19:2F:35:1F", "-85", "149", "4:10:53 PM"
"", "A0:04:60:3C:B6:62", "-95", "9", "4:10:11 PM"
"", "A0:04:60:3C:B6:62", "-95", "9", "4:10:14 PM"
"", "A0:04:60:3C:B6:62", "-95", "9", "4:10:16 PM"
"", "A0:04:60:3C:B6:62", "-95", "9", "4:10:18 PM"
"", "A0:04:60:3C:B6:62", "-95", "9", "4:10:21 PM"
"", "A0:04:60:3C:B6:62", "-95", "9", "4:10:23 PM"
"", "A0:04:60:3C:B6:62", "-95", "9", "4:10:26 PM"
"", "A0:04:60:3C:B6:62", "-95", "9", "4:10:28 PM"
"", "A0:04:60:3C:B6:62", "-95", "9", "4:10:31 PM"
"", "A0:04:60:3C:B6:62", "-95", "9", "4:10:33 PM"
"", "A0:04:60:3C:B6:62", "-95", "9", "4:10:36 PM"
"", "A0:04:60:3C:B6:62", "-95", "9", "4:10:38 PM"
"Spectrum Free Trial", "EC:58:EA:A2:CE:9C", "-82", "153", "4:09:56 PM"
"Spectrum Free Trial", "EC:58:EA:A2:CE:9C", "-85", "153", "4:09:58 PM"
"Spectrum Free Trial", "EC:58:EA:A2:CE:9C", "-83", "153", "4:10:00 PM"
"Spectrum Free Trial", "EC:58:EA:A2:CE:9C", "-80", "153", "4:10:03 PM"
"Spectrum Free Trial", "EC:58:EA:A2:CE:9C", "-80", "153", "4:10:05 PM"
"Spectrum Free Trial", "EC:58:EA:A2:CE:9C", "-83", "153", "4:10:08 PM"
"Spectrum Free Trial", "EC:58:EA:A2:CE:9C", "-83", "153", "4:10:11 PM"
"Spectrum Free Trial", "EC:58:EA:A2:CE:9C", "-83", "153", "4:10:14 PM"
"Spectrum Free Trial", "EC:58:EA:A2:CE:9C", "-83", "153", "4:10:16 PM"
"Spectrum Free Trial", "EC:58:EA:A2:CE:9C", "-81", "153", "4:10:18 PM"
"Spectrum Free Trial", "EC:58:EA:A2:CE:9C", "-81", "153", "4:10:21 PM"
"Spectrum Free Trial", "EC:58:EA:A2:CE:9C", "-81", "153", "4:10:23 PM"
"Spectrum Free Trial", "EC:58:EA:A2:CE:9C", "-80", "153", "4:10:26 PM"
"Spectrum Free Trial", "EC:58:EA:A2:CE:9C", "-79", "153", "4:10:28 PM"
"Spectrum Free Trial", "EC:58:EA:A2:CE:9C", "-82", "153", "4:10:31 PM"
"Spectrum Free Trial", "EC:58:EA:A2:CE:9C", "-82", "153", "4:10:33 PM"
"Spectrum Free Trial", "EC:58:EA:A2:CE:9C", "-81", "153", "4:10:36 PM"
"Spectrum Free Trial", "EC:58:EA:A2:CE:9C", "-81", "153", "4:10:38 PM"
"Spectrum Free Trial", "EC:58:EA:A2:CE:9C", "-84", "153", "4:10:41 PM"
"Spectrum Free Trial", "EC:58:EA:A2:CE:9C", "-79", "153", "4:10:43 PM"
"Spectrum Free Trial", "EC:58:EA:A2:CE:9C", "-79", "153", "4:10:46 PM"
"Spectrum Free Trial", "EC:58:EA:A2:CE:9C", "-77", "153", "4:10:48 PM"
"Spectrum Free Trial", "EC:58:EA:A2:CE:9C", "-77", "153", "4:10:51 PM"
"Spectrum Free Trial", "EC:58:EA:A2:CE:9C", "-79", "153", "4:10:53 PM"
"CertaPro-Guest-2.4", "82:CC:9C:2B:81:67", "-80", "2", "4:09:58 PM"
"CertaPro-Guest-2.4", "82:CC:9C:2B:81:67", "-77", "2", "4:10:00 PM"
"CertaPro-Guest-2.4", "82:CC:9C:2B:81:67", "-77", "2", "4:10:03 PM"
"CertaPro-Guest-2.4", "82:CC:9C:2B:81:67", "-77", "2", "4:10:05 PM"
"CertaPro-Guest-2.4", "82:CC:9C:2B:81:67", "-77", "2", "4:10:08 PM"
"CertaPro-Guest-2.4", "82:CC:9C:2B:81:67", "-77", "2", "4:10:11 PM"
"CertaPro-Guest-2.4", "82:CC:9C:2B:81:67", "-77", "2", "4:10:14 PM"
"CertaPro-Guest-2.4", "82:CC:9C:2B:81:67", "-74", "2", "4:10:16 PM"
"CertaPro-Guest-2.4", "82:CC:9C:2B:81:67", "-74", "2", "4:10:18 PM"
"CertaPro-Guest-2.4", "82:CC:9C:2B:81:67", "-79", "2", "4:10:21 PM"
"CertaPro-Guest-2.4", "82:CC:9C:2B:81:67", "-73", "2", "4:10:23 PM"
"CertaPro-Guest-2.4", "82:CC:9C:2B:81:67", "-73", "2", "4:10:26 PM"
"CertaPro-Guest-2.4", "82:CC:9C:2B:81:67", "-73", "2", "4:10:28 PM"
"CertaPro-Guest-2.4", "82:CC:9C:2B:81:67", "-74", "2", "4:10:31 PM"
"CertaPro-Guest-2.4", "82:CC:9C:2B:81:67", "-74", "2", "4:10:33 PM"
"CertaPro-Guest-2.4", "82:CC:9C:2B:81:67", "-73", "2", "4:10:36 PM"
"CertaPro-Guest-2.4", "82:CC:9C:2B:81:67", "-76", "2", "4:10:38 PM"
"CertaPro-Guest-2.4", "82:CC:9C:2B:81:67", "-76", "2", "4:10:41 PM"
"CertaPro-Guest-2.4", "82:CC:9C:2B:81:67", "-79", "2", "4:10:43 PM"
"CertaPro-Guest-2.4", "82:CC:9C:2B:81:67", "-79", "2", "4:10:46 PM"
"CertaPro-Guest-2.4", "82:CC:9C:2B:81:67", "-79", "2", "4:10:48 PM"
"CertaPro-Guest-2.4", "82:CC:9C:2B:81:67", "-82", "2", "4:10:51 PM"
"CertaPro-Guest-2.4", "82:CC:9C:2B:81:67", "-82", "2", "4:10:53 PM"
"E3000-f4e-5g", "00:30:44:69:7F:52", "-87", "100", "4:09:56 PM"
"E3000-f4e-5g", "00:30:44:69:7F:52", "-87", "100", "4:09:58 PM"
"E3000-f4e-5g", "00:30:44:69:7F:52", "-86", "100", "4:10:00 PM"
"E3000-f4e-5g", "00:30:44:69:7F:52", "-85", "100", "4:10:03 PM"
"E3000-f4e-5g", "00:30:44:69:7F:52", "-83", "100", "4:10:05 PM"
"E3000-f4e-5g", "00:30:44:69:7F:52", "-90", "100", "4:10:08 PM"
"E3000-f4e-5g", "00:30:44:69:7F:52", "-87", "100", "4:10:11 PM"
"E3000-f4e-5g", "00:30:44:69:7F:52", "-81", "100", "4:10:14 PM"
"E3000-f4e-5g", "00:30:44:69:7F:52", "-79", "100", "4:10:16 PM"
"E3000-f4e-5g", "00:30:44:69:7F:52", "-82", "100", "4:10:18 PM"
"E3000-f4e-5g", "00:30:44:69:7F:52", "-81", "100", "4:10:21 PM"
"E3000-f4e-5g", "00:30:44:69:7F:52", "-85", "100", "4:10:23 PM"
"E3000-f4e-5g", "00:30:44:69:7F:52", "-85", "100", "4:10:26 PM"
"E3000-f4e-5g", "00:30:44:69:7F:52", "-86", "100", "4:10:28 PM"
"E3000-f4e-5g", "00:30:44:69:7F:52", "-85", "100", "4:10:31 PM"
"E3000-f4e-5g", "00:30:44:69:7F:52", "-85", "100", "4:10:33 PM"
"E3000-f4e-5g", "00:30:44:69:7F:52", "-84", "100", "4:10:36 PM"
"E3000-f4e-5g", "00:30:44:69:7F:52", "-83", "100", "4:10:38 PM"
"E3000-f4e-5g", "00:30:44:69:7F:52", "-83", "100", "4:10:41 PM"
"E3000-f4e-5g", "00:30:44:69:7F:52", "-85", "100", "4:10:43 PM"
"E3000-f4e-5g", "00:30:44:69:7F:52", "-86", "100", "4:10:46 PM"
"E3000-f4e-5g", "00:30:44:69:7F:52", "-83", "100", "4:10:48 PM"
"E3000-f4e-5g", "00:30:44:69:7F:52", "-79", "100", "4:10:51 PM"
"E3000-f4e-5g", "00:30:44:69:7F:52", "-82", "100", "4:10:53 PM"
"Upstate Admin_EXT", "4A:94:FC:71:5D:8F", "-86", "11", "4:09:56 PM"
"Upstate Admin_EXT", "4A:94:FC:71:5D:8F", "-86", "11", "4:09:58 PM"
"Upstate Admin_EXT", "4A:94:FC:71:5D:8F", "-86", "11", "4:10:00 PM"
"Upstate Admin_EXT", "4A:94:FC:71:5D:8F", "-86", "11", "4:10:03 PM"
"Upstate Admin_EXT", "4A:94:FC:71:5D:8F", "-86", "11", "4:10:05 PM"
"Upstate Admin_EXT", "4A:94:FC:71:5D:8F", "-86", "11", "4:10:08 PM"
"Upstate Admin_EXT", "4A:94:FC:71:5D:8F", "-86", "11", "4:10:11 PM"
"Upstate Admin_EXT", "4A:94:FC:71:5D:8F", "-86", "11", "4:10:14 PM"
"Upstate Admin_EXT", "4A:94:FC:71:5D:8F", "-87", "11", "4:10:16 PM"
"Upstate Admin_EXT", "4A:94:FC:71:5D:8F", "-87", "11", "4:10:18 PM"
"Upstate Admin_EXT", "4A:94:FC:71:5D:8F", "-87", "11", "4:10:21 PM"
"Upstate Admin_EXT", "4A:94:FC:71:5D:8F", "-87", "11", "4:10:23 PM"
"Upstate Admin_EXT", "4A:94:FC:71:5D:8F", "-87", "11", "4:10:26 PM"
"Upstate Admin_EXT", "4A:94:FC:71:5D:8F", "-87", "11", "4:10:28 PM"
"Upstate Admin_EXT", "4A:94:FC:71:5D:8F", "-89", "11", "4:10:31 PM"
"Upstate Admin_EXT", "4A:94:FC:71:5D:8F", "-89", "11", "4:10:33 PM"
"Upstate Admin_EXT", "4A:94:FC:71:5D:8F", "-90", "11", "4:10:36 PM"
"Upstate Admin_EXT", "4A:94:FC:71:5D:8F", "-90", "11", "4:10:38 PM"
"Upstate Admin_EXT", "4A:94:FC:71:5D:8F", "-90", "11", "4:10:41 PM"
"Upstate Admin_EXT", "4A:94:FC:71:5D:8F", "-90", "11", "4:10:43 PM"
"Upstate Admin_EXT", "4A:94:FC:71:5D:8F", "-90", "11", "4:10:46 PM"
"Upstate Admin_EXT", "4A:94:FC:71:5D:8F", "-90", "11", "4:10:48 PM"
"Upstate Admin_EXT", "4A:94:FC:71:5D:8F", "-90", "11", "4:10:51 PM"
"Upstate Admin_EXT", "4A:94:FC:71:5D:8F", "-90", "11", "4:10:53 PM"
"", "2A:5A:4C:6D:AA:D7", "-66", "165", "4:09:56 PM"
"", "2A:5A:4C:6D:AA:D7", "-66", "165", "4:09:58 PM"
"", "2A:5A:4C:6D:AA:D7", "-63", "165", "4:10:00 PM"
"", "2A:5A:4C:6D:AA:D7", "-66", "165", "4:10:03 PM"
"", "2A:5A:4C:6D:AA:D7", "-66", "165", "4:10:05 PM"
"", "2A:5A:4C:6D:AA:D7", "-66", "165", "4:10:08 PM"
"", "2A:5A:4C:6D:AA:D7", "-66", "165", "4:10:11 PM"
"", "2A:5A:4C:6D:AA:D7", "-66", "165", "4:10:14 PM"
"", "2A:5A:4C:6D:AA:D7", "-66", "165", "4:10:16 PM"
"", "2A:5A:4C:6D:AA:D7", "-66", "165", "4:10:18 PM"
"", "2A:5A:4C:6D:AA:D7", "-69", "165", "4:10:21 PM"
"", "2A:5A:4C:6D:AA:D7", "-69", "165", "4:10:23 PM"
"", "2A:5A:4C:6D:AA:D7", "-69", "165", "4:10:26 PM"
"", "2A:5A:4C:6D:AA:D7", "-66", "165", "4:10:28 PM"
"", "2A:5A:4C:6D:AA:D7", "-70", "165", "4:10:31 PM"
"", "2A:5A:4C:6D:AA:D7", "-70", "165", "4:10:33 PM"
"", "2A:5A:4C:6D:AA:D7", "-70", "165", "4:10:36 PM"
"", "2A:5A:4C:6D:AA:D7", "-70", "165", "4:10:38 PM"
"", "2A:5A:4C:6D:AA:D7", "-70", "165", "4:10:41 PM"
"", "2A:5A:4C:6D:AA:D7", "-66", "165", "4:10:43 PM"
"", "2A:5A:4C:6D:AA:D7", "-66", "165", "4:10:46 PM"
"", "2A:5A:4C:6D:AA:D7", "-66", "165", "4:10:48 PM"
"", "2A:5A:4C:6D:AA:D7", "-67", "165", "4:10:51 PM"
"", "2A:5A:4C:6D:AA:D7", "-67", "165", "4:10:53 PM"
"amzn3", "00:30:44:70:B1:24", "-53", "6", "4:09:56 PM"
"amzn3", "00:30:44:70:B1:24", "-53", "6", "4:09:58 PM"
"amzn3", "00:30:44:70:B1:24", "-52", "6", "4:10:00 PM"
"amzn3", "00:30:44:70:B1:24", "-52", "6", "4:10:03 PM"
"amzn3", "00:30:44:70:B1:24", "-51", "6", "4:10:05 PM"
"amzn3", "00:30:44:70:B1:24", "-58", "6", "4:10:08 PM"
"amzn3", "00:30:44:70:B1:24", "-60", "6", "4:10:11 PM"
"amzn3", "00:30:44:70:B1:24", "-56", "6", "4:10:14 PM"
"amzn3", "00:30:44:70:B1:24", "-54", "6", "4:10:16 PM"
"amzn3", "00:30:44:70:B1:24", "-55", "6", "4:10:18 PM"
"amzn3", "00:30:44:70:B1:24", "-52", "6", "4:10:21 PM"
"amzn3", "00:30:44:70:B1:24", "-52", "6", "4:10:23 PM"
"amzn3", "00:30:44:70:B1:24", "-55", "6", "4:10:26 PM"
"amzn3", "00:30:44:70:B1:24", "-53", "6", "4:10:28 PM"
"amzn3", "00:30:44:70:B1:24", "-51", "6", "4:10:31 PM"
"amzn3", "00:30:44:70:B1:24", "-52", "6", "4:10:33 PM"
"amzn3", "00:30:44:70:B1:24", "-45", "6", "4:10:36 PM"
"amzn3", "00:30:44:70:B1:24", "-51", "6", "4:10:38 PM"
"amzn3", "00:30:44:70:B1:24", "-51", "6", "4:10:41 PM"
"amzn3", "00:30:44:70:B1:24", "-52", "6", "4:10:43 PM"
"amzn3", "00:30:44:70:B1:24", "-52", "6", "4:10:46 PM"
"amzn3", "00:30:44:70:B1:24", "-54", "6", "4:10:48 PM"
"amzn3", "00:30:44:70:B1:24", "-64", "6", "4:10:51 PM"
"amzn3", "00:30:44:70:B1:24", "-64", "6", "4:10:53 PM"
"", "E4:90:7E:F6:66:D5", "-93", "9", "4:10:14 PM"
"", "E4:90:7E:F6:66:D5", "-93", "9", "4:10:16 PM"
"", "E4:90:7E:F6:66:D5", "-93", "9", "4:10:18 PM"
"", "E4:90:7E:F6:66:D5", "-94", "9", "4:10:21 PM"
"", "E4:90:7E:F6:66:D5", "-94", "9", "4:10:23 PM"
"", "E4:90:7E:F6:66:D5", "-93", "9", "4:10:26 PM"
"", "E4:90:7E:F6:66:D5", "-93", "9", "4:10:28 PM"
"", "E4:90:7E:F6:66:D5", "-93", "9", "4:10:31 PM"
"", "E4:90:7E:F6:66:D5", "-93", "9", "4:10:33 PM"
"", "E4:90:7E:F6:66:D5", "-93", "9", "4:10:36 PM"
"", "E4:90:7E:F6:66:D5", "-93", "9", "4:10:38 PM"
"", "E4:90:7E:F6:66:D5", "-93", "9", "4:10:41 PM"
"", "E4:90:7E:F6:66:D5", "-93", "9", "4:10:43 PM"
"", "E4:90:7E:F6:66:D5", "-93", "9", "4:10:46 PM"
"", "E4:90:7E:F6:66:D5", "-93", "9", "4:10:48 PM"
"", "E4:90:7E:F6:66:D5", "-93", "9", "4:10:51 PM"
"", "E4:90:7E:F6:66:D5", "-93", "9", "4:10:53 PM"
"Spectrum Mobile", "EC:58:EA:22:CE:98", "-74", "1", "4:09:58 PM"
"Spectrum Mobile", "EC:58:EA:22:CE:98", "-74", "1", "4:10:00 PM"
"Spectrum Mobile", "EC:58:EA:22:CE:98", "-75", "1", "4:10:03 PM"
"Spectrum Mobile", "EC:58:EA:22:CE:98", "-76", "1", "4:10:05 PM"
"Spectrum Mobile", "EC:58:EA:22:CE:98", "-76", "1", "4:10:08 PM"
"Spectrum Mobile", "EC:58:EA:22:CE:98", "-74", "1", "4:10:11 PM"
"Spectrum Mobile", "EC:58:EA:22:CE:98", "-75", "1", "4:10:14 PM"
"Spectrum Mobile", "EC:58:EA:22:CE:98", "-75", "1", "4:10:16 PM"
"Spectrum Mobile", "EC:58:EA:22:CE:98", "-75", "1", "4:10:18 PM"
"Spectrum Mobile", "EC:58:EA:22:CE:98", "-74", "1", "4:10:21 PM"
"Spectrum Mobile", "EC:58:EA:22:CE:98", "-74", "1", "4:10:23 PM"
"Spectrum Mobile", "EC:58:EA:22:CE:98", "-72", "1", "4:10:26 PM"
"Spectrum Mobile", "EC:58:EA:22:CE:98", "-75", "1", "4:10:28 PM"
"Spectrum Mobile", "EC:58:EA:22:CE:98", "-76", "1", "4:10:31 PM"
"Spectrum Mobile", "EC:58:EA:22:CE:98", "-76", "1", "4:10:33 PM"
"Spectrum Mobile", "EC:58:EA:22:CE:98", "-75", "1", "4:10:36 PM"
"Spectrum Mobile", "EC:58:EA:22:CE:98", "-75", "1", "4:10:38 PM"
"Spectrum Mobile", "EC:58:EA:22:CE:98", "-75", "1", "4:10:41 PM"
"Spectrum Mobile", "EC:58:EA:22:CE:98", "-75", "1", "4:10:43 PM"
"Spectrum Mobile", "EC:58:EA:22:CE:98", "-78", "1", "4:10:46 PM"
"Spectrum Mobile", "EC:58:EA:22:CE:98", "-79", "1", "4:10:48 PM"
"Spectrum Mobile", "EC:58:EA:22:CE:98", "-80", "1", "4:10:51 PM"
"Spectrum Mobile", "EC:58:EA:22:CE:98", "-80", "1", "4:10:53 PM"
"MDLZGUEST", "02:40:FF:10:19:39", "-78", "10", "4:09:56 PM"
"MDLZGUEST", "02:40:FF:10:19:39", "-78", "10", "4:09:58 PM"
"MDLZGUEST", "02:40:FF:10:19:39", "-79", "10", "4:10:00 PM"
"MDLZGUEST", "02:40:FF:10:19:39", "-79", "10", "4:10:03 PM"
"MDLZGUEST", "02:40:FF:10:19:39", "-79", "10", "4:10:05 PM"
"MDLZGUEST", "02:40:FF:10:19:39", "-81", "10", "4:10:08 PM"
"MDLZGUEST", "02:40:FF:10:19:39", "-81", "10", "4:10:11 PM"
"MDLZGUEST", "02:40:FF:10:19:39", "-81", "10", "4:10:14 PM"
"MDLZGUEST", "02:40:FF:10:19:39", "-81", "10", "4:10:16 PM"
"MDLZGUEST", "02:40:FF:10:19:39", "-81", "10", "4:10:18 PM"
"MDLZGUEST", "02:40:FF:10:19:39", "-83", "10", "4:10:21 PM"
"MDLZGUEST", "02:40:FF:10:19:39", "-83", "10", "4:10:23 PM"
"MDLZGUEST", "02:40:FF:10:19:39", "-83", "10", "4:10:26 PM"
"MDLZGUEST", "02:40:FF:10:19:39", "-83", "10", "4:10:28 PM"
"MDLZGUEST", "02:40:FF:10:19:39", "-83", "10", "4:10:31 PM"
"MDLZGUEST", "02:40:FF:10:19:39", "-84", "10", "4:10:33 PM"
"MDLZGUEST", "02:40:FF:10:19:39", "-84", "10", "4:10:36 PM"
"MDLZGUEST", "02:40:FF:10:19:39", "-87", "10", "4:10:38 PM"
"MDLZGUEST", "02:40:FF:10:19:39", "-87", "10", "4:10:41 PM"
"MDLZGUEST", "02:40:FF:10:19:39", "-87", "10", "4:10:43 PM"
"MDLZGUEST", "02:40:FF:10:19:39", "-87", "10", "4:10:46 PM"
"MDLZGUEST", "02:40:FF:10:19:39", "-82", "10", "4:10:48 PM"
"MDLZGUEST", "02:40:FF:10:19:39", "-82", "10", "4:10:51 PM"
"MDLZGUEST", "02:40:FF:10:19:39", "-82", "10", "4:10:53 PM"
"Configure.Me-384070", "8C:FE:74:F8:40:73", "-79", "8", "4:10:05 PM"
"Configure.Me-384070", "8C:FE:74:F8:40:73", "-79", "8", "4:10:08 PM"
"Configure.Me-384070", "8C:FE:74:F8:40:73", "-79", "8", "4:10:11 PM"
"Configure.Me-384070", "8C:FE:74:F8:40:73", "-79", "8", "4:10:14 PM"
"Configure.Me-384070", "8C:FE:74:F8:40:73", "-86", "8", "4:10:16 PM"
"Configure.Me-384070", "8C:FE:74:F8:40:73", "-86", "8", "4:10:18 PM"
"Configure.Me-384070", "8C:FE:74:F8:40:73", "-86", "8", "4:10:21 PM"
"Configure.Me-384070", "8C:FE:74:F8:40:73", "-86", "8", "4:10:23 PM"
"Configure.Me-384070", "8C:FE:74:F8:40:73", "-86", "8", "4:10:26 PM"
"Configure.Me-384070", "8C:FE:74:F8:40:73", "-86", "8", "4:10:28 PM"
"Configure.Me-384070", "8C:FE:74:F8:40:73", "-86", "8", "4:10:31 PM"
"Configure.Me-384070", "8C:FE:74:F8:40:73", "-86", "8", "4:10:33 PM"
"Configure.Me-384070", "8C:FE:74:F8:40:73", "-83", "8", "4:10:36 PM"
"Configure.Me-384070", "8C:FE:74:F8:40:73", "-83", "8", "4:10:38 PM"
"Configure.Me-384070", "8C:FE:74:F8:40:73", "-83", "8", "4:10:41 PM"
"Configure.Me-384070", "8C:FE:74:F8:40:73", "-81", "8", "4:10:43 PM"
"Configure.Me-384070", "8C:FE:74:F8:40:73", "-82", "8", "4:10:46 PM"
"Configure.Me-384070", "8C:FE:74:F8:40:73", "-82", "8", "4:10:48 PM"
"Configure.Me-384070", "8C:FE:74:F8:40:73", "-82", "8", "4:10:51 PM"
"Configure.Me-384070", "8C:FE:74:F8:40:73", "-82", "8", "4:10:53 PM"
"", "2A:5A:4C:6D:AA:D8", "-55", "6", "4:10:05 PM"
"", "2A:5A:4C:6D:AA:D8", "-61", "6", "4:10:08 PM"
"", "2A:5A:4C:6D:AA:D8", "-61", "6", "4:10:11 PM"
"", "2A:5A:4C:6D:AA:D8", "-59", "6", "4:10:14 PM"
"", "2A:5A:4C:6D:AA:D8", "-55", "6", "4:10:16 PM"
"", "2A:5A:4C:6D:AA:D8", "-55", "6", "4:10:18 PM"
"", "2A:5A:4C:6D:AA:D8", "-58", "6", "4:10:21 PM"
"", "2A:5A:4C:6D:AA:D8", "-58", "6", "4:10:23 PM"
"", "2A:5A:4C:6D:AA:D8", "-57", "6", "4:10:26 PM"
"", "2A:5A:4C:6D:AA:D8", "-61", "6", "4:10:28 PM"
"", "2A:5A:4C:6D:AA:D8", "-61", "6", "4:10:31 PM"
"", "2A:5A:4C:6D:AA:D8", "-61", "6", "4:10:33 PM"
"", "2A:5A:4C:6D:AA:D8", "-61", "6", "4:10:36 PM"
"", "2A:5A:4C:6D:AA:D8", "-61", "6", "4:10:38 PM"
"", "2A:5A:4C:6D:AA:D8", "-61", "6", "4:10:41 PM"
"", "2A:5A:4C:6D:AA:D8", "-61", "6", "4:10:43 PM"
"", "2A:5A:4C:6D:AA:D8", "-61", "6", "4:10:46 PM"
"", "2A:5A:4C:6D:AA:D8", "-61", "6", "4:10:48 PM"
"", "2A:5A:4C:6D:AA:D8", "-61", "6", "4:10:51 PM"
"", "2A:5A:4C:6D:AA:D8", "-59", "6", "4:10:53 PM"
"NETGEAR21-5G", "80:CC:9C:2B:81:65", "-76", "153", "4:10:21 PM"
"NETGEAR21-5G", "80:CC:9C:2B:81:65", "-76", "153", "4:10:23 PM"
"NETGEAR21-5G", "80:CC:9C:2B:81:65", "-76", "153", "4:10:26 PM"
"NETGEAR21-5G", "80:CC:9C:2B:81:65", "-76", "153", "4:10:28 PM"
"NETGEAR21-5G", "80:CC:9C:2B:81:65", "-79", "153", "4:10:31 PM"
"NETGEAR21-5G", "80:CC:9C:2B:81:65", "-79", "153", "4:10:33 PM"
"NETGEAR21-5G", "80:CC:9C:2B:81:65", "-79", "153", "4:10:36 PM"
"NETGEAR21-5G", "80:CC:9C:2B:81:65", "-79", "153", "4:10:38 PM"
"NETGEAR21-5G", "80:CC:9C:2B:81:65", "-79", "153", "4:10:41 PM"
"NETGEAR21-5G", "80:CC:9C:2B:81:65", "-79", "153", "4:10:43 PM"
"NETGEAR21-5G", "80:CC:9C:2B:81:65", "-78", "153", "4:10:46 PM"
"NETGEAR21-5G", "80:CC:9C:2B:81:65", "-78", "153", "4:10:48 PM"
"NETGEAR21-5G", "80:CC:9C:2B:81:65", "-78", "153", "4:10:51 PM"
"NETGEAR21-5G", "80:CC:9C:2B:81:65", "-78", "153", "4:10:53 PM"
"Spectrum Mobile", "EC:58:EA:22:CE:9C", "-83", "153", "4:09:56 PM"
"Spectrum Mobile", "EC:58:EA:22:CE:9C", "-85", "153", "4:09:58 PM"
"Spectrum Mobile", "EC:58:EA:22:CE:9C", "-82", "153", "4:10:00 PM"
"Spectrum Mobile", "EC:58:EA:22:CE:9C", "-80", "153", "4:10:03 PM"
"Spectrum Mobile", "EC:58:EA:22:CE:9C", "-80", "153", "4:10:05 PM"
"Spectrum Mobile", "EC:58:EA:22:CE:9C", "-83", "153", "4:10:08 PM"
"Spectrum Mobile", "EC:58:EA:22:CE:9C", "-83", "153", "4:10:11 PM"
"Spectrum Mobile", "EC:58:EA:22:CE:9C", "-83", "153", "4:10:14 PM"
"Spectrum Mobile", "EC:58:EA:22:CE:9C", "-83", "153", "4:10:16 PM"
"Spectrum Mobile", "EC:58:EA:22:CE:9C", "-81", "153", "4:10:18 PM"
"Spectrum Mobile", "EC:58:EA:22:CE:9C", "-81", "153", "4:10:21 PM"
"Spectrum Mobile", "EC:58:EA:22:CE:9C", "-81", "153", "4:10:23 PM"
"Spectrum Mobile", "EC:58:EA:22:CE:9C", "-80", "153", "4:10:26 PM"
"Spectrum Mobile", "EC:58:EA:22:CE:9C", "-79", "153", "4:10:28 PM"
"Spectrum Mobile", "EC:58:EA:22:CE:9C", "-82", "153", "4:10:31 PM"
"Spectrum Mobile", "EC:58:EA:22:CE:9C", "-82", "153", "4:10:33 PM"
"Spectrum Mobile", "EC:58:EA:22:CE:9C", "-81", "153", "4:10:36 PM"
"Spectrum Mobile", "EC:58:EA:22:CE:9C", "-81", "153", "4:10:38 PM"
"Spectrum Mobile", "EC:58:EA:22:CE:9C", "-84", "153", "4:10:41 PM"
"Spectrum Mobile", "EC:58:EA:22:CE:9C", "-79", "153", "4:10:43 PM"
"Spectrum Mobile", "EC:58:EA:22:CE:9C", "-79", "153", "4:10:46 PM"
"Spectrum Mobile", "EC:58:EA:22:CE:9C", "-77", "153", "4:10:48 PM"
"Spectrum Mobile", "EC:58:EA:22:CE:9C", "-77", "153", "4:10:51 PM"
"Spectrum Mobile", "EC:58:EA:22:CE:9C", "-80", "153", "4:10:53 PM"
"EX02_Test_5GHZ", "6C:5A:B0:80:FF:57", "-91", "44", "4:09:56 PM"
"EX02_Test_5GHZ", "6C:5A:B0:80:FF:57", "-91", "44", "4:09:58 PM"
"EX02_Test_5GHZ", "6C:5A:B0:80:FF:57", "-91", "44", "4:10:00 PM"
"EX02_Test_5GHZ", "6C:5A:B0:80:FF:57", "-91", "44", "4:10:03 PM"
"EX02_Test_5GHZ", "6C:5A:B0:80:FF:57", "-91", "44", "4:10:05 PM"
"EX02_Test_5GHZ", "6C:5A:B0:80:FF:57", "-91", "44", "4:10:08 PM"
"EX02_Test_5GHZ", "6C:5A:B0:80:FF:57", "-91", "44", "4:10:11 PM"
"EX02_Test_5GHZ", "6C:5A:B0:80:FF:57", "-91", "44", "4:10:14 PM"
"EX02_Test_5GHZ", "6C:5A:B0:80:FF:57", "-90", "44", "4:10:16 PM"
"EX02_Test_5GHZ", "6C:5A:B0:80:FF:57", "-89", "44", "4:10:18 PM"
"EX02_Test_5GHZ", "6C:5A:B0:80:FF:57", "-92", "44", "4:10:21 PM"
"EX02_Test_5GHZ", "6C:5A:B0:80:FF:57", "-92", "44", "4:10:23 PM"
"EX02_Test_5GHZ", "6C:5A:B0:80:FF:57", "-92", "44", "4:10:26 PM"
"EX02_Test_5GHZ", "6C:5A:B0:80:FF:57", "-89", "44", "4:10:28 PM"
"EX02_Test_5GHZ", "6C:5A:B0:80:FF:57", "-87", "44", "4:10:31 PM"
"EX02_Test_5GHZ", "6C:5A:B0:80:FF:57", "-87", "44", "4:10:33 PM"
"EX02_Test_5GHZ", "6C:5A:B0:80:FF:57", "-92", "44", "4:10:36 PM"
"EX02_Test_5GHZ", "6C:5A:B0:80:FF:57", "-92", "44", "4:10:38 PM"
"EX02_Test_5GHZ", "6C:5A:B0:80:FF:57", "-91", "44", "4:10:41 PM"
"EX02_Test_5GHZ", "6C:5A:B0:80:FF:57", "-91", "44", "4:10:43 PM"
"EX02_Test_5GHZ", "6C:5A:B0:80:FF:57", "-91", "44", "4:10:46 PM"
"EX02_Test_5GHZ", "6C:5A:B0:80:FF:57", "-91", "44", "4:10:48 PM"
"EX02_Test_5GHZ", "6C:5A:B0:80:FF:57", "-91", "44", "4:10:51 PM"
"EX02_Test_5GHZ", "6C:5A:B0:80:FF:57", "-94", "44", "4:10:53 PM"
"NETGEAR21", "80:CC:9C:2B:81:66", "-75", "2", "4:09:58 PM"
"NETGEAR21", "80:CC:9C:2B:81:66", "-80", "2", "4:10:00 PM"
"NETGEAR21", "80:CC:9C:2B:81:66", "-80", "2", "4:10:03 PM"
"NETGEAR21", "80:CC:9C:2B:81:66", "-78", "2", "4:10:05 PM"
"NETGEAR21", "80:CC:9C:2B:81:66", "-78", "2", "4:10:08 PM"
"NETGEAR21", "80:CC:9C:2B:81:66", "-78", "2", "4:10:11 PM"
"NETGEAR21", "80:CC:9C:2B:81:66", "-78", "2", "4:10:14 PM"
"NETGEAR21", "80:CC:9C:2B:81:66", "-76", "2", "4:10:16 PM"
"NETGEAR21", "80:CC:9C:2B:81:66", "-76", "2", "4:10:18 PM"
"NETGEAR21", "80:CC:9C:2B:81:66", "-78", "2", "4:10:21 PM"
"NETGEAR21", "80:CC:9C:2B:81:66", "-75", "2", "4:10:23 PM"
"NETGEAR21", "80:CC:9C:2B:81:66", "-75", "2", "4:10:26 PM"
"NETGEAR21", "80:CC:9C:2B:81:66", "-75", "2", "4:10:28 PM"
"NETGEAR21", "80:CC:9C:2B:81:66", "-75", "2", "4:10:31 PM"
"NETGEAR21", "80:CC:9C:2B:81:66", "-75", "2", "4:10:33 PM"
"NETGEAR21", "80:CC:9C:2B:81:66", "-74", "2", "4:10:36 PM"
"NETGEAR21", "80:CC:9C:2B:81:66", "-76", "2", "4:10:38 PM"
"NETGEAR21", "80:CC:9C:2B:81:66", "-76", "2", "4:10:41 PM"
"NETGEAR21", "80:CC:9C:2B:81:66", "-79", "2", "4:10:43 PM"
"NETGEAR21", "80:CC:9C:2B:81:66", "-79", "2", "4:10:46 PM"
"NETGEAR21", "80:CC:9C:2B:81:66", "-79", "2", "4:10:48 PM"
"NETGEAR21", "80:CC:9C:2B:81:66", "-79", "2", "4:10:51 PM"
"NETGEAR21", "80:CC:9C:2B:81:66", "-79", "2", "4:10:53 PM"
